,cell_number,particle,frame,red_int_mean,green_int_mean,blue_int_mean,red_int_std,green_int_std,blue_int_std,x,y,Classification
0,0,0,0,116.38999938964844,153.07000732421875,0.0,67.35887863196325,69.27725197831296,0.0,273.0,217.0,a
1,0,0,1,144.49000549316406,160.4199981689453,0.0,68.80892381967779,70.18796935135441,0.0,273.0,216.0,a
2,0,0,2,117.7300033569336,160.4199981689453,0.0,68.80892381967779,70.18796935135441,0.0,273.0,216.0,a
3,0,0,3,149.77000427246094,162.3000030517578,0.0,68.80892381967779,70.18796935135441,0.0,273.0,216.0,a
4,0,0,4,174.74000549316406,156.02000427246094,0.0,69.56174952674941,69.9099455649115,0.0,273.0,215.0,a
5,0,0,5,127.20999908447266,165.97999572753906,0.0,68.80892381967779,70.18796935135441,0.0,273.0,216.0,a
6,0,0,6,113.08000183105469,168.75,0.0,69.11654358561503,69.58513919812349,0.0,271.0,216.0,a
7,0,0,7,124.76000213623047,172.42999267578125,0.0,69.11654358561503,69.58513919812349,0.0,271.0,216.0,a
8,0,0,8,106.87999725341797,174.30999755859375,0.0,69.11654358561503,69.58513919812349,0.0,271.0,216.0,a
9,0,0,9,109.2300033569336,171.58999633789062,0.0,67.08386956307422,67.60492484936944,0.0,271.0,217.0,a
10,0,0,10,115.7699966430664,161.8000030517578,0.0,70.09131750002199,70.29244237864805,0.0,271.0,215.0,a
11,0,0,11,114.7699966430664,161.8000030517578,0.0,70.09131750002199,70.29244237864805,0.0,271.0,215.0,a
12,0,0,12,154.5800018310547,167.3000030517578,0.0,69.56174952674941,69.9099455649115,0.0,273.0,215.0,a
13,0,0,13,133.33999633789062,167.3000030517578,0.0,69.56174952674941,69.9099455649115,0.0,273.0,215.0,a
14,0,0,14,152.22000122070312,153.47999572753906,0.0,71.4412096878732,70.8714131171534,0.0,273.0,212.0,a
15,0,0,15,132.1999969482422,153.22999572753906,0.0,71.35058981302583,71.66087028885119,0.0,272.0,212.0,a
16,0,0,16,109.19000244140625,141.8300018310547,0.0,70.67437204453174,72.19834022022636,0.0,271.0,212.0,a
17,0,0,17,117.80999755859375,149.57000732421875,0.0,69.91864540306827,71.21761156639714,0.0,270.0,213.0,a
18,0,0,18,137.1300048828125,151.41000366210938,0.0,69.91864540306827,71.21761156639714,0.0,270.0,213.0,a
19,0,0,19,93.16999816894531,157.3300018310547,0.0,69.91864540306827,71.21761156639714,0.0,270.0,213.0,a
20,0,1,0,105.83999633789062,50.56999969482422,0.0,71.2944189026509,52.31061053935425,0.0,235.0,128.0,a
21,0,1,1,86.55999755859375,60.52000045776367,0.0,72.00691903483226,50.79818541706649,0.0,235.0,129.0,a
22,0,1,2,91.91999816894531,60.52000045776367,0.0,72.00691903483226,50.79818541706649,0.0,235.0,129.0,a
23,0,1,3,88.23999786376953,60.52000045776367,0.0,72.00691903483226,50.79818541706649,0.0,235.0,129.0,a
24,0,1,4,98.68000030517578,60.52000045776367,0.0,72.00691903483226,50.79818541706649,0.0,235.0,129.0,a
25,0,1,5,93.31999969482422,53.2400016784668,0.0,72.00691903483226,50.79818541706649,0.0,235.0,129.0,a
26,0,1,6,97.4000015258789,43.33000183105469,0.0,71.2944189026509,52.31061053935425,0.0,235.0,128.0,a
27,0,1,7,80.31999969482422,43.33000183105469,0.0,71.2944189026509,52.31061053935425,0.0,235.0,128.0,a
28,0,1,8,101.26000213623047,45.4900016784668,0.0,71.96290014460384,51.27966130825055,0.0,235.0,127.0,a
29,0,1,9,97.8499984741211,60.290000915527344,0.0,70.7110410206371,50.02392291582987,0.0,233.0,127.0,a
30,0,1,10,86.62999725341797,50.41999816894531,0.0,71.61069162880328,50.61764621486595,0.0,234.0,127.0,a
31,0,1,11,82.4800033569336,44.93000030517578,0.0,71.03227552786596,51.46613770777399,0.0,234.0,128.0,a
32,0,1,12,80.44000244140625,44.93000030517578,0.0,71.03227552786596,51.46613770777399,0.0,234.0,128.0,a
33,0,1,13,108.44999694824219,60.119998931884766,0.0,72.42481127962219,50.22443230142079,0.0,235.0,131.0,a
34,0,1,14,77.70999908447266,51.869998931884766,0.0,72.05564786252975,49.8604490051985,0.0,234.0,129.0,a
35,0,1,15,75.51000213623047,51.869998931884766,0.0,72.05564786252975,49.8604490051985,0.0,234.0,129.0,a
36,0,1,16,83.2300033569336,48.459999084472656,0.0,71.97667583244511,51.376674236033956,0.0,236.0,130.0,a
37,0,1,17,93.79000091552734,48.459999084472656,0.0,71.97667583244511,51.376674236033956,0.0,236.0,130.0,a
38,0,1,18,81.62999725341797,48.459999084472656,0.0,71.97667583244511,51.376674236033956,0.0,236.0,130.0,a
39,0,1,19,106.16000366210938,57.02000045776367,0.0,71.48283399219393,49.9417789920312,0.0,236.0,132.0,a
40,0,2,0,33.34000015258789,66.5,0.0,70.85448654735202,66.04122952536713,0.0,326.0,198.0,a
41,0,2,1,30.3799991607666,66.0199966430664,0.0,71.07965359760524,66.47091185038929,0.0,326.0,198.0,a
42,0,2,2,47.43000030517578,57.349998474121094,0.0,71.77009542436336,67.8991849893813,0.0,327.0,196.0,a
43,0,2,3,42.90999984741211,62.720001220703125,0.0,69.26731761003084,70.0378370755567,0.0,328.0,197.0,a
44,0,2,4,31.6299991607666,57.349998474121094,0.0,70.08069150787699,68.1948465794887,0.0,327.0,196.0,a
45,0,2,5,30.510000228881836,57.349998474121094,0.0,69.88975214976482,68.1948465794887,0.0,327.0,196.0,a
46,0,2,6,44.119998931884766,66.54000091552734,0.0,69.6092375734396,65.83539034761033,0.0,326.0,194.0,a
47,0,2,7,50.29999923706055,79.1500015258789,0.0,71.88041826920289,66.31745854850993,0.0,326.0,193.0,a
48,0,2,8,30.25,66.94999694824219,0.0,67.78172809754032,70.16580355763689,0.0,328.0,193.0,a
49,0,2,9,42.630001068115234,62.72999954223633,0.0,68.54238670341148,69.78967441932622,0.0,328.0,194.0,a
50,0,2,10,40.689998626708984,69.38999938964844,0.0,68.79684583774333,69.84707102345492,0.0,328.0,193.0,a
51,0,2,11,55.619998931884766,85.30999755859375,0.0,74.48010733671703,65.31306352228984,0.0,326.0,193.0,a
52,0,2,12,37.540000915527344,87.79000091552734,0.0,72.09069565484856,66.57474443978153,0.0,326.0,193.0,a
53,0,2,13,64.61000061035156,89.0199966430664,0.0,73.64590778402649,67.90184335167606,0.0,326.0,192.0,a
54,0,2,14,32.619998931884766,95.19000244140625,0.0,74.4869109307132,66.52104510353597,0.0,326.0,193.0,a
55,0,2,15,33.65999984741211,97.06999969482422,0.0,70.14032530102304,67.04206565035616,0.0,326.0,193.0,a
56,0,2,16,47.619998931884766,99.2300033569336,0.0,71.76809496953055,66.52104510353597,0.0,326.0,193.0,a
57,0,2,17,71.88999938964844,80.87000274658203,0.0,71.53548208562113,67.0604910178531,0.0,326.0,195.0,a
58,0,2,18,3.75,77.37000274658203,0.0,75.20795495749694,63.25256744898889,0.0,324.0,196.0,a
59,0,2,19,20.950000762939453,79.41000366210938,0.0,74.56809594815556,63.28157042580056,0.0,324.0,196.0,a
60,0,3,0,87.31999969482422,70.31999969482422,0.0,72.46836073993487,65.39757683244507,0.0,316.0,132.0,a
61,0,3,1,88.55999755859375,70.5199966430664,0.0,73.2995172789926,65.39757683244507,0.0,316.0,132.0,a
62,0,3,2,76.7699966430664,72.79000091552734,0.0,72.65631852923889,65.4052872268154,0.0,316.0,131.0,a
63,0,3,3,78.61000061035156,72.79000091552734,0.0,73.16872161123374,65.62262008382983,0.0,316.0,131.0,a
64,0,3,4,87.77999877929688,72.41000366210938,0.0,74.01618621776065,66.97031473388456,0.0,316.0,134.0,a
65,0,3,5,85.80000305175781,79.29000091552734,0.0,73.71956680933195,66.84321256991369,0.0,316.0,133.0,a
66,0,3,6,74.0999984741211,72.41000366210938,0.0,72.46401357838862,66.97031473388456,0.0,316.0,134.0,a
67,0,3,7,96.93000030517578,70.4000015258789,0.0,75.69416003820169,67.04589961776601,0.0,315.0,135.0,a
68,0,3,8,80.20999908447266,63.470001220703125,0.0,72.34423955797878,68.17448170360781,0.0,315.0,136.0,a
69,0,3,9,80.6500015258789,63.470001220703125,0.0,73.11447272751286,68.39572688081877,0.0,315.0,136.0,a
70,0,3,10,90.48999786376953,63.709999084472656,0.0,73.21975050414258,68.39572688081877,0.0,315.0,136.0,a
71,0,3,11,90.88999938964844,64.1500015258789,0.0,73.01633028911333,67.37406886596322,0.0,315.0,136.0,a
72,0,3,12,121.37000274658203,35.439998626708984,0.0,74.49131043655733,66.84402239958001,0.0,312.0,136.0,a
73,0,3,13,97.93000030517578,35.439998626708984,0.0,73.67202061992207,66.84402239958001,0.0,312.0,136.0,a
74,0,3,14,97.20999908447266,25.799999237060547,0.0,73.40697961063073,66.76471115458791,0.0,312.0,136.0,a
75,0,3,15,95.2300033569336,29.3799991607666,0.0,74.74772235474619,66.41986014907154,0.0,312.0,138.0,a
76,0,3,16,84.0,23.020000457763672,0.0,74.28880532908187,65.73212270690453,0.0,311.0,138.0,a
77,0,3,17,84.04000091552734,30.059999465942383,0.0,73.73433385397124,66.10559984264235,0.0,311.0,137.0,a
78,0,3,18,75.06999969482422,43.84000015258789,0.0,74.43931381781181,64.50469782633407,0.0,309.0,137.0,a
79,0,3,19,80.79000091552734,41.90999984741211,0.0,72.54552218358408,63.666026523832414,0.0,308.0,138.0,a
80,0,4,0,122.61000061035156,29.479999542236328,0.0,71.45989387994733,66.67610664415118,0.0,212.0,295.0,a
81,0,4,1,101.7699966430664,29.479999542236328,0.0,71.45989387994733,66.67610664415118,0.0,212.0,295.0,a
82,0,4,2,112.52999877929688,46.90999984741211,0.0,72.37938010157927,66.91975690249397,0.0,212.0,294.0,a
83,0,4,3,87.48999786376953,46.90999984741211,0.0,72.37938010157927,66.91975690249397,0.0,212.0,294.0,a
84,0,4,4,104.58999633789062,34.93000030517578,0.0,72.54883778454958,65.72867459403764,0.0,212.0,296.0,a
85,0,4,5,107.20999908447266,23.799999237060547,0.0,70.7328365518213,63.23826759873241,0.0,210.0,296.0,a
86,0,4,6,107.88999938964844,24.8799991607666,0.0,70.7328365518213,63.23826759873241,0.0,210.0,296.0,a
87,0,4,7,122.16999816894531,26.079999923706055,0.0,70.7328365518213,63.23826759873241,0.0,210.0,296.0,a
88,0,4,8,78.30999755859375,37.849998474121094,0.0,71.75222110383297,61.440417185179406,0.0,207.0,296.0,a
89,0,4,9,110.12000274658203,40.02000045776367,0.0,72.72450983372494,59.9742843966386,0.0,206.0,297.0,a
90,0,4,10,107.72000122070312,40.02000045776367,0.0,72.72450983372494,59.9742843966386,0.0,206.0,297.0,a
91,0,4,11,103.63999938964844,54.08000183105469,0.0,74.21078221675218,56.88089835104771,0.0,204.0,298.0,a
92,0,4,12,102.94000244140625,52.56999969482422,0.0,73.82858974603869,55.93366219609321,0.0,203.0,298.0,a
93,0,4,13,91.16000366210938,54.08000183105469,0.0,74.21078221675218,56.88089835104771,0.0,204.0,298.0,a
94,0,4,14,103.12999725341797,54.5,0.0,74.8996246096512,56.078592444493076,0.0,203.0,298.0,a
95,0,4,15,113.0,41.66999816894531,0.0,75.87186976885584,56.890636580684834,0.0,202.0,300.0,a
96,0,4,16,129.86000061035156,54.02000045776367,0.0,76.60081938566687,56.27508536940067,0.0,201.0,300.0,a
97,0,4,17,142.19000244140625,47.060001373291016,0.0,76.21376800377563,56.34384310246822,0.0,200.0,300.0,a
98,0,4,18,151.57000732421875,45.97999954223633,0.0,76.0239066018052,56.000845132511664,0.0,200.0,300.0,a
99,0,4,19,106.37999725341797,45.470001220703125,0.0,76.17696281612237,55.12909939405867,0.0,200.0,301.0,a
100,0,5,0,106.88999938964844,108.51000213623047,0.0,71.39591833960507,87.53396443984218,0.0,302.0,312.0,a
101,0,5,1,126.54000091552734,87.1500015258789,0.0,71.70054375665501,87.00242595595954,0.0,301.0,312.0,a
102,0,5,2,91.86000061035156,84.91000366210938,0.0,71.792727811852,86.3332911196808,0.0,301.0,311.0,a
103,0,5,3,107.19999694824219,110.75,0.0,72.1409268954408,85.42953690030166,0.0,301.0,309.0,a
104,0,5,4,109.38999938964844,120.33000183105469,0.0,71.3251217820357,88.3933764329784,0.0,303.0,309.0,a
105,0,5,5,129.94000244140625,120.3499984741211,0.0,72.31122117855108,86.13416071261545,0.0,302.0,308.0,a
106,0,5,6,96.05999755859375,120.3499984741211,0.0,72.31122117855108,86.13416071261545,0.0,302.0,308.0,a
107,0,5,7,81.31999969482422,110.20999908447266,0.0,73.09286313770085,85.17825752828921,0.0,301.0,308.0,a
108,0,5,8,98.16000366210938,110.93000030517578,0.0,73.09286313770085,85.17825752828921,0.0,301.0,308.0,a
109,0,5,9,101.87999725341797,110.93000030517578,0.0,73.09286313770085,85.17825752828921,0.0,301.0,308.0,a
110,0,5,10,123.37000274658203,121.23999786376953,0.0,71.25565846926747,86.6570151036064,0.0,302.0,309.0,a
111,0,5,11,104.05000305175781,121.23999786376953,0.0,71.25565846926747,86.6570151036064,0.0,302.0,309.0,a
112,0,5,12,85.52999877929688,121.23999786376953,0.0,71.25565846926747,86.6570151036064,0.0,302.0,309.0,a
113,0,5,13,129.08999633789062,116.66000366210938,0.0,73.38993270348612,85.89683655732354,0.0,302.0,307.0,a
114,0,5,14,92.02999877929688,110.69000244140625,0.0,74.48942831406048,82.42648871368152,0.0,300.0,307.0,a
115,0,5,15,97.98999786376953,110.69000244140625,0.0,74.48942831406048,82.42648871368152,0.0,300.0,307.0,a
116,0,5,16,106.26000213623047,96.72000122070312,0.0,73.90972870483441,82.09256963263417,0.0,299.0,307.0,a
117,0,5,17,145.22999572753906,102.2300033569336,0.0,74.38656985639277,79.53544779251297,0.0,298.0,307.0,a
118,0,5,18,120.02999877929688,102.2300033569336,0.0,74.38656985639277,79.53544779251297,0.0,298.0,307.0,a
119,0,5,19,116.75,102.2300033569336,0.0,74.38656985639277,79.53544779251297,0.0,298.0,307.0,a
120,0,6,0,62.88999938964844,47.779998779296875,0.0,73.85122655642822,63.61777101477926,0.0,309.0,135.0,a
121,0,6,1,73.80999755859375,47.779998779296875,0.0,73.92015053796601,63.62660168252479,0.0,309.0,135.0,a
122,0,6,2,59.25,47.779998779296875,0.0,73.43579773440804,63.426464420531026,0.0,309.0,135.0,a
123,0,6,3,67.77999877929688,32.439998626708984,0.0,72.9100047242413,63.86241354575388,0.0,310.0,136.0,a
124,0,6,4,86.22000122070312,41.08000183105469,0.0,72.9499003121701,63.959445462643664,0.0,309.0,136.0,a
125,0,6,5,84.9800033569336,41.08000183105469,0.0,72.66383297227185,63.874363641100615,0.0,309.0,136.0,a
126,0,6,6,65.94000244140625,41.08000183105469,0.0,72.21934174597703,63.959445462643664,0.0,309.0,136.0,a
127,0,6,7,97.86000061035156,41.08000183105469,0.0,74.28204087948998,64.09806789859843,0.0,309.0,136.0,a
128,0,6,8,59.43000030517578,48.91999816894531,0.0,72.80767473281921,64.58752027288244,0.0,309.0,137.0,a
129,0,6,9,64.5,51.119998931884766,0.0,72.8634612744199,64.24338954320515,0.0,309.0,138.0,a
130,0,6,10,66.13999938964844,51.119998931884766,0.0,73.39952285645701,64.2564424785562,0.0,309.0,138.0,a
131,0,6,11,62.02000045776367,25.899999618530273,0.0,73.83526792047881,64.52123162615199,0.0,310.0,138.0,a
132,0,6,12,96.37999725341797,25.899999618530273,0.0,74.15607227702634,64.4546015726487,0.0,310.0,138.0,a
133,0,6,13,73.66000366210938,25.899999618530273,0.0,73.46940177531204,64.4546015726487,0.0,310.0,138.0,a
134,0,6,14,85.33999633789062,39.13999938964844,0.0,74.5775781019708,66.55384017219944,0.0,312.0,135.0,a
135,0,6,15,96.31999969482422,44.029998779296875,0.0,76.89594094185553,67.2491449759772,0.0,312.0,134.0,a
136,0,6,16,94.68000030517578,44.029998779296875,0.0,76.59477788987968,67.30657810017945,0.0,312.0,134.0,a
137,0,6,17,89.55999755859375,44.029998779296875,0.0,75.44551116902554,67.44531066394131,0.0,312.0,134.0,a
138,0,6,18,92.3499984741211,42.43000030517578,0.0,75.89063593238774,67.20777218199296,0.0,311.0,134.0,a
139,0,6,19,77.13999938964844,51.4900016784668,0.0,77.27343353673082,68.31584684797193,0.0,311.0,133.0,a
140,0,7,0,124.41999816894531,57.380001068115234,0.0,67.09521559362899,54.71818707908936,0.0,258.0,401.0,a
141,0,7,1,109.12999725341797,76.2300033569336,0.0,66.16132637979179,54.03075297149455,0.0,258.0,400.0,a
142,0,7,2,88.05000305175781,76.2300033569336,0.0,66.16132637979179,54.03075297149455,0.0,258.0,400.0,a
143,0,7,3,100.45999908447266,76.18000030517578,0.0,65.59744879863003,54.788452529301786,0.0,257.0,400.0,a
144,0,7,4,70.73999786376953,62.689998626708984,0.0,63.49753661013595,53.98667232650008,0.0,257.0,397.0,a
145,0,7,5,89.88999938964844,80.1500015258789,0.0,64.8768400509766,53.43948225693143,0.0,257.0,398.0,a
146,0,7,6,67.41000366210938,80.1500015258789,0.0,64.8768400509766,53.43948225693143,0.0,257.0,398.0,a
147,0,7,7,84.30000305175781,90.72000122070312,0.0,65.73825773897232,51.6588204795012,0.0,255.0,398.0,a
148,0,7,8,84.9800033569336,90.72000122070312,0.0,65.73825773897232,51.6588204795012,0.0,255.0,398.0,a
149,0,7,9,83.9800033569336,82.94999694824219,0.0,64.53590516569483,52.2566410186835,0.0,256.0,398.0,a
150,0,7,10,80.9800033569336,87.91999816894531,0.0,65.73825773897232,51.6588204795012,0.0,255.0,398.0,a
151,0,7,11,88.18000030517578,83.87999725341797,0.0,65.72645966427828,52.0697732747982,0.0,254.0,398.0,a
152,0,7,12,107.86000061035156,84.16000366210938,0.0,65.72645966427828,52.0697732747982,0.0,254.0,398.0,a
153,0,7,13,85.37999725341797,84.72000122070312,0.0,65.72645966427828,52.0697732747982,0.0,254.0,398.0,a
154,0,7,14,116.75,67.86000061035156,0.0,67.0344289443036,52.040242734722995,0.0,253.0,399.0,a
155,0,7,15,84.9800033569336,75.91000366210938,0.0,67.10972772672793,52.37121534986775,0.0,255.0,399.0,a
156,0,7,16,79.45999908447266,75.91000366210938,0.0,67.10972772672793,52.37121534986775,0.0,255.0,399.0,a
157,0,7,17,128.94000244140625,76.9800033569336,0.0,66.80955345856859,53.285019757484896,0.0,254.0,400.0,a
158,0,7,18,79.91000366210938,71.87000274658203,0.0,67.18295286421665,52.63145866938011,0.0,254.0,399.0,a
159,0,7,19,88.91000366210938,71.87000274658203,0.0,67.18295286421665,52.63145866938011,0.0,254.0,399.0,a
160,0,8,0,89.29000091552734,57.880001068115234,0.0,75.89962662768653,56.00225193884816,0.0,191.0,286.0,a
161,0,8,1,110.44999694824219,58.119998931884766,0.0,75.89962662768653,56.00225193884816,0.0,191.0,286.0,a
162,0,8,2,92.7699966430664,58.119998931884766,0.0,75.89962662768653,56.00225193884816,0.0,191.0,286.0,a
163,0,8,3,113.61000061035156,48.2599983215332,0.0,76.4733634818178,55.01065833595845,0.0,190.0,286.0,a
164,0,8,4,89.06999969482422,37.720001220703125,0.0,78.77774289099682,54.697651280064626,0.0,188.0,288.0,a
165,0,8,5,102.55000305175781,46.66999816894531,0.0,76.39795452468316,54.79067398340301,0.0,190.0,287.0,a
166,0,8,6,111.11000061035156,33.790000915527344,0.0,77.82683848704693,55.13734303738459,0.0,190.0,288.0,a
167,0,8,7,110.43000030517578,31.149999618530273,0.0,78.14645394315016,54.73457750818947,0.0,189.0,288.0,a
168,0,8,8,134.64999389648438,44.869998931884766,0.0,79.65427902295436,54.71884491552146,0.0,188.0,289.0,a
169,0,8,9,84.43000030517578,46.040000915527344,0.0,79.42741408565013,54.971838749995946,0.0,188.0,291.0,a
170,0,8,10,82.13999938964844,41.400001525878906,0.0,78.6578296590153,54.764830563662535,0.0,189.0,291.0,a
171,0,8,11,112.5,41.84000015258789,0.0,78.6578296590153,54.764830563662535,0.0,189.0,291.0,a
172,0,8,12,102.51000213623047,37.11000061035156,0.0,78.66018460229208,55.299920408823574,0.0,189.0,291.0,a
173,0,8,13,118.58000183105469,41.84000015258789,0.0,78.6578296590153,54.764830563662535,0.0,189.0,291.0,a
174,0,8,14,76.19000244140625,46.720001220703125,0.0,79.42741408565013,54.971838749995946,0.0,188.0,291.0,a
175,0,8,15,64.63999938964844,42.06999969482422,0.0,79.79666966038675,55.428466788786025,0.0,188.0,291.0,a
176,0,8,16,72.5999984741211,37.0,0.0,80.77684376657018,56.639331740408096,0.0,186.0,290.0,a
177,0,8,17,86.43000030517578,36.060001373291016,0.0,81.66118614263586,56.76388168447335,0.0,186.0,290.0,a
178,0,8,18,75.0,41.540000915527344,0.0,81.97257258105027,56.007897037431746,0.0,187.0,290.0,a
179,0,8,19,77.05999755859375,42.56999969482422,0.0,80.6727890238641,55.8578278608588,0.0,187.0,290.0,a
180,0,9,0,73.0199966430664,61.38999938964844,0.0,69.02212978458431,81.03475358689559,0.0,205.0,194.0,a
181,0,9,1,97.62000274658203,81.04000091552734,0.0,69.95051099805411,81.29711555290399,0.0,204.0,194.0,a
182,0,9,2,56.869998931884766,67.83000183105469,0.0,69.35795314085392,81.72406826225267,0.0,204.0,193.0,a
183,0,9,3,59.77000045776367,75.63999938964844,0.0,70.26990581955329,81.84867717657724,0.0,204.0,195.0,a
184,0,9,4,72.47000122070312,73.69999694824219,0.0,69.47133539573474,81.49894471027763,0.0,206.0,195.0,a
185,0,9,5,38.790000915527344,74.33999633789062,0.0,69.47133539573474,81.49894471027763,0.0,206.0,195.0,a
186,0,9,6,76.0199966430664,63.65999984741211,0.0,68.84436309935299,81.37667750447093,0.0,206.0,194.0,a
187,0,9,7,97.86000061035156,63.65999984741211,0.0,68.84436309935299,81.37667750447093,0.0,206.0,194.0,a
188,0,9,8,67.86000061035156,66.80999755859375,0.0,69.2808174308653,81.77539223384991,0.0,207.0,193.0,a
189,0,9,9,59.18000030517578,72.51000213623047,0.0,69.70243101132765,81.6152393177211,0.0,207.0,191.0,a
190,0,9,10,66.44000244140625,75.94000244140625,0.0,69.11344295592734,80.91905310590056,0.0,208.0,193.0,a
191,0,9,11,50.599998474121094,75.94000244140625,0.0,69.11344295592734,80.91905310590056,0.0,208.0,193.0,a
192,0,9,12,58.20000076293945,75.94000244140625,0.0,69.11344295592734,80.91905310590056,0.0,208.0,193.0,a
193,0,9,13,56.959999084472656,75.94000244140625,0.0,69.11344295592734,80.91905310590056,0.0,208.0,193.0,a
194,0,9,14,55.2599983215332,72.48999786376953,0.0,69.43385813531864,81.80217966058254,0.0,208.0,192.0,a
195,0,9,15,37.88999938964844,83.26000213623047,0.0,68.86342933662249,79.67905893855256,0.0,209.0,192.0,a
196,0,9,16,69.0199966430664,72.48999786376953,0.0,69.43385813531864,81.80217966058254,0.0,208.0,192.0,a
197,0,9,17,38.7400016784668,72.48999786376953,0.0,69.43385813531864,81.80217966058254,0.0,208.0,192.0,a
198,0,9,18,57.7400016784668,72.48999786376953,0.0,69.43385813531864,81.80217966058254,0.0,208.0,192.0,a
199,0,9,19,43.70000076293945,66.80999755859375,0.0,69.2808174308653,81.77539223384991,0.0,207.0,193.0,a
200,0,10,0,97.83999633789062,111.8499984741211,0.0,74.56276841248139,60.59646063646512,0.0,275.0,324.0,a
201,0,10,1,89.05000305175781,113.97000122070312,0.0,71.79471566363517,61.174577145158004,0.0,276.0,324.0,a
202,0,10,2,125.16000366210938,117.75,0.0,72.58294955887827,61.9677598747033,0.0,276.0,323.0,a
203,0,10,3,122.16999816894531,109.7699966430664,0.0,72.41522369103214,62.64133883112298,0.0,276.0,322.0,a
204,0,10,4,108.80999755859375,110.16999816894531,0.0,74.46828288308758,62.65321041255588,0.0,276.0,322.0,a
205,0,10,5,101.01000213623047,110.56999969482422,0.0,72.05017163986032,62.65321041255588,0.0,276.0,322.0,a
206,0,10,6,98.41000366210938,110.56999969482422,0.0,74.14208564566341,62.65321041255588,0.0,276.0,322.0,a
207,0,10,7,120.58000183105469,104.16999816894531,0.0,71.22907263813624,62.01571734022128,0.0,276.0,321.0,a
208,0,10,8,97.12999725341797,103.43000030517578,0.0,70.57591586369958,61.21327903776725,0.0,276.0,319.0,a
209,0,10,9,117.94000244140625,103.43000030517578,0.0,71.40312286977058,61.21327903776725,0.0,276.0,319.0,a
210,0,10,10,99.23999786376953,105.02999877929688,0.0,70.07292384049316,60.44714045253827,0.0,276.0,319.0,a
211,0,10,11,101.66999816894531,87.2699966430664,0.0,70.67771643170144,61.47165957216021,0.0,277.0,321.0,a
212,0,10,12,136.75999450683594,88.79000091552734,0.0,71.00404916075014,61.47165957216021,0.0,277.0,321.0,a
213,0,10,13,103.62999725341797,98.44000244140625,0.0,72.01058224702503,61.579995647035325,0.0,277.0,322.0,a
214,0,10,14,121.43000030517578,109.91000366210938,0.0,71.78367918421444,62.41827187522007,0.0,278.0,322.0,a
215,0,10,15,104.61000061035156,120.22000122070312,0.0,71.72948556904615,62.18235726920904,0.0,278.0,322.0,a
216,0,10,16,113.12000274658203,117.55000305175781,0.0,72.93310768932187,61.73373737718749,0.0,278.0,324.0,a
217,0,10,17,87.7699966430664,116.0,0.0,71.6540266178779,61.58687123351318,0.0,277.0,325.0,a
218,0,10,18,105.77999877929688,121.45999908447266,0.0,73.93454265241805,61.834774376739034,0.0,276.0,325.0,a
219,0,10,19,89.18000030517578,121.45999908447266,0.0,70.96444148695568,61.56588501128057,0.0,276.0,325.0,a
220,0,11,0,26.969999313354492,70.69000244140625,0.0,73.07595105246475,63.32219410812189,0.0,239.0,286.0,a
221,0,11,1,57.11000061035156,77.16999816894531,0.0,73.50288852978652,62.80274567157784,0.0,239.0,284.0,a
222,0,11,2,53.77000045776367,72.33000183105469,0.0,73.3489558359369,63.16855474311038,0.0,239.0,283.0,a
223,0,11,3,54.58000183105469,88.70999908447266,0.0,71.90235491043855,62.97088566684342,0.0,237.0,283.0,a
224,0,11,4,52.470001220703125,76.25,0.0,73.36943020692534,62.12210011116996,0.0,236.0,284.0,a
225,0,11,5,83.9000015258789,75.06999969482422,0.0,72.98075088679205,62.57761145613946,0.0,237.0,285.0,a
226,0,11,6,68.06999969482422,58.630001068115234,0.0,73.2293574250716,63.77334080336565,0.0,238.0,285.0,a
227,0,11,7,36.36000061035156,74.72000122070312,0.0,73.31896023918749,63.039803211057766,0.0,239.0,285.0,a
228,0,11,8,32.40999984741211,71.69000244140625,0.0,73.07595105246475,63.32219410812189,0.0,239.0,286.0,a
229,0,11,9,35.279998779296875,74.72000122070312,0.0,73.31896023918749,63.039803211057766,0.0,239.0,285.0,a
230,0,11,10,35.560001373291016,74.72000122070312,0.0,73.31896023918749,63.039803211057766,0.0,239.0,285.0,a
231,0,11,11,44.36000061035156,74.72000122070312,0.0,73.31896023918749,63.039803211057766,0.0,239.0,285.0,a
232,0,11,12,67.1500015258789,58.630001068115234,0.0,73.2293574250716,63.77334080336565,0.0,238.0,285.0,a
233,0,11,13,76.54000091552734,75.43000030517578,0.0,72.98075088679205,62.57761145613946,0.0,237.0,285.0,a
234,0,11,14,60.310001373291016,77.25,0.0,73.36943020692534,62.12210011116996,0.0,236.0,284.0,a
235,0,11,15,50.619998931884766,71.77999877929688,0.0,72.25287996951324,62.6489530816136,0.0,236.0,283.0,a
236,0,11,16,93.3499984741211,84.80999755859375,0.0,72.5268498940603,60.59093200856599,0.0,235.0,283.0,a
237,0,11,17,71.69000244140625,73.06999969482422,0.0,72.32185346690784,61.5606272980818,0.0,235.0,282.0,a
238,0,11,18,104.91000366210938,84.80999755859375,0.0,72.5268498940603,60.59093200856599,0.0,235.0,283.0,a
239,0,11,19,62.95000076293945,77.25,0.0,73.36943020692534,62.12210011116996,0.0,236.0,284.0,a
240,0,12,0,82.58999633789062,102.08000183105469,0.0,72.19528300996464,59.645573180245314,0.0,271.0,330.0,a
241,0,12,1,57.08000183105469,100.08000183105469,0.0,70.11985920946758,59.95137786851386,0.0,269.0,330.0,a
242,0,12,2,70.72000122070312,100.08000183105469,0.0,73.05591372747011,59.7159191273334,0.0,269.0,330.0,a
243,0,12,3,96.87999725341797,108.13999938964844,0.0,71.41051152005254,59.90703872575316,0.0,267.0,328.0,a
244,0,12,4,105.55000305175781,107.16999816894531,0.0,71.64428138766942,59.65802709797083,0.0,268.0,328.0,a
245,0,12,5,78.58999633789062,107.16999816894531,0.0,71.01793151889332,59.71581567446489,0.0,268.0,328.0,a
246,0,12,6,102.1500015258789,107.16999816894531,0.0,70.7785494027361,59.71581567446489,0.0,268.0,328.0,a
247,0,12,7,58.20000076293945,100.08000183105469,0.0,72.24350789748054,59.76625013797967,0.0,269.0,330.0,a
248,0,12,8,52.959999084472656,99.68000030517578,0.0,69.47974027249478,58.863044410072966,0.0,268.0,331.0,a
249,0,12,9,63.66999816894531,99.68000030517578,0.0,71.53646148798683,58.863044410072966,0.0,268.0,331.0,a
250,0,12,10,39.2400016784668,96.01000213623047,0.0,69.81941587648333,57.90342225061774,0.0,267.0,332.0,a
251,0,12,11,41.380001068115234,91.38999938964844,0.0,70.76274749706468,58.97243025817704,0.0,267.0,332.0,a
252,0,12,12,44.84000015258789,91.31999969482422,0.0,74.42512561106109,59.10030492025119,0.0,267.0,332.0,a
253,0,12,13,65.5,89.68000030517578,0.0,72.09536893741665,59.234168044203074,0.0,268.0,332.0,a
254,0,12,14,62.93000030517578,86.08000183105469,0.0,74.06663619486321,60.18854152208338,0.0,268.0,332.0,a
255,0,12,15,66.72000122070312,93.31999969482422,0.0,71.42106567548697,60.61132180175215,0.0,269.0,331.0,a
256,0,12,16,83.5199966430664,96.23999786376953,0.0,70.80956456110526,60.458536388356464,0.0,268.0,331.0,a
257,0,12,17,64.55999755859375,101.83000183105469,0.0,69.25678466563562,60.96341990625745,0.0,268.0,331.0,a
258,0,12,18,92.95999908447266,102.2300033569336,0.0,70.85262778393536,61.285973653574814,0.0,268.0,331.0,a
259,0,12,19,51.630001068115234,100.55000305175781,0.0,68.23424229975902,61.074922817980074,0.0,267.0,330.0,a
260,0,13,0,127.01000213623047,55.279998779296875,0.0,75.96807880433875,63.76001618482299,0.0,306.0,176.0,a
261,0,13,1,125.48999786376953,55.279998779296875,0.0,75.96807880433875,63.76001618482299,0.0,306.0,176.0,a
262,0,13,2,131.61000061035156,66.9800033569336,0.0,76.15475289756306,64.19602756834378,0.0,306.0,177.0,a
263,0,13,3,119.6500015258789,66.20999908447266,0.0,76.14897124861388,64.2304309800961,0.0,306.0,177.0,a
264,0,13,4,118.37000274658203,53.0099983215332,0.0,76.14897124861388,64.2304309800961,0.0,306.0,177.0,a
265,0,13,5,138.0500030517578,63.13999938964844,0.0,76.45889236852848,64.42512760302976,0.0,306.0,178.0,a
266,0,13,6,117.44999694824219,62.650001525878906,0.0,76.11083664995121,64.32869065717618,0.0,306.0,178.0,a
267,0,13,7,116.44999694824219,62.650001525878906,0.0,76.26864296681828,64.32869065717618,0.0,306.0,178.0,a
268,0,13,8,125.45999908447266,85.37999725341797,0.0,75.67384692437231,63.682110779506466,0.0,308.0,178.0,a
269,0,13,9,129.8699951171875,84.81999969482422,0.0,75.49933774543986,63.84871912053784,0.0,308.0,178.0,a
270,0,13,10,130.27000427246094,84.94999694824219,0.0,75.39846741737453,62.758354556717514,0.0,308.0,180.0,a
271,0,13,11,134.52000427246094,95.37999725341797,0.0,76.73114795613752,59.54562359140165,0.0,309.0,180.0,a
272,0,13,12,146.3300018310547,98.02999877929688,0.0,75.64348468308424,59.85734485702931,0.0,309.0,179.0,a
273,0,13,13,126.33000183105469,94.2699966430664,0.0,75.09588063861352,61.355150082667606,0.0,310.0,180.0,a
274,0,13,14,143.5399932861328,101.98999786376953,0.0,77.97140323363574,60.19659458806619,0.0,309.0,180.0,a
275,0,13,15,144.97999572753906,102.2699966430664,0.0,74.94421028708993,60.48263366454871,0.0,309.0,180.0,a
276,0,13,16,148.27000427246094,93.2699966430664,0.0,77.28771434638813,63.0383467070287,0.0,308.0,180.0,a
277,0,13,17,123.16999816894531,65.19000244140625,0.0,75.8596598807444,65.12587757992635,0.0,305.0,178.0,a
278,0,13,18,105.56999969482422,47.900001525878906,0.0,75.25412052210534,65.00212099103638,0.0,305.0,177.0,a
279,0,13,19,105.69000244140625,48.18000030517578,0.0,74.95084604073674,65.01878566144471,0.0,305.0,177.0,a
280,0,14,0,53.84000015258789,62.91999816894531,0.0,78.59553590305805,69.75747110525153,0.0,181.0,208.0,a
281,0,14,1,43.91999816894531,62.91999816894531,0.0,78.59553590305805,69.75747110525153,0.0,181.0,208.0,a
282,0,14,2,67.4000015258789,62.91999816894531,0.0,78.59553590305805,69.75747110525153,0.0,181.0,208.0,a
283,0,14,3,50.66999816894531,48.54999923706055,0.0,78.34033257737252,69.7502429306801,0.0,181.0,209.0,a
284,0,14,4,42.58000183105469,35.70000076293945,0.0,81.560888706945,69.96557246643205,0.0,181.0,210.0,a
285,0,14,5,76.08000183105469,23.959999084472656,0.0,79.98033048124326,71.36138543046621,0.0,182.0,210.0,a
286,0,14,6,49.040000915527344,25.43000030517578,0.0,80.22421203864967,71.49181722795663,0.0,182.0,210.0,a
287,0,14,7,99.16000366210938,31.139999389648438,0.0,78.42081779660863,72.73070503958803,0.0,182.0,212.0,a
288,0,14,8,102.1500015258789,32.08000183105469,0.0,80.15212446065017,75.43234229353408,0.0,182.0,215.0,a
289,0,14,9,98.69999694824219,44.5099983215332,0.0,81.01948901344664,75.62388394034137,0.0,182.0,216.0,a
290,0,14,10,127.26000213623047,44.5099983215332,0.0,82.295250959916,75.43338192294796,0.0,182.0,216.0,a
291,0,14,11,111.58999633789062,48.33000183105469,0.0,80.46323133719042,77.83136241259047,0.0,183.0,216.0,a
292,0,14,12,75.41000366210938,42.650001525878906,0.0,79.34273270648883,76.41918343729029,0.0,183.0,214.0,a
293,0,14,13,69.31999969482422,50.83000183105469,0.0,82.15885020292498,72.28385018261149,0.0,180.0,215.0,a
294,0,14,14,81.76000213623047,50.83000183105469,0.0,82.27841945694712,72.35177950280298,0.0,180.0,215.0,a
295,0,14,15,87.61000061035156,58.599998474121094,0.0,83.62717977561016,73.68664819505786,0.0,178.0,215.0,a
296,0,14,16,129.77000427246094,59.31999969482422,0.0,86.41455098663779,73.68664819505786,0.0,178.0,215.0,a
297,0,14,17,86.80999755859375,47.709999084472656,0.0,86.2422916201146,73.90011349788307,0.0,177.0,215.0,a
298,0,14,18,88.80999755859375,59.560001373291016,0.0,83.20199757217371,73.68664819505786,0.0,178.0,215.0,a
299,0,14,19,115.9800033569336,51.279998779296875,0.0,88.74064025762567,74.29414505120096,0.0,177.0,216.0,a
300,0,15,0,94.30999755859375,35.61000061035156,0.0,86.66500152246516,78.9379401808788,0.0,182.0,226.0,a
301,0,15,1,92.80999755859375,63.119998931884766,0.0,85.00479030619393,76.71581712542871,0.0,181.0,223.0,a
302,0,15,2,110.97000122070312,63.119998931884766,0.0,85.00479030619393,76.71581712542871,0.0,181.0,223.0,a
303,0,15,3,95.12000274658203,52.56999969482422,0.0,83.86673549281754,76.41342579459885,0.0,181.0,222.0,a
304,0,15,4,126.16999816894531,53.060001373291016,0.0,84.20822762652115,76.41073739265241,0.0,181.0,222.0,a
305,0,15,5,92.08999633789062,53.15999984741211,0.0,86.12682507338943,76.43153617599363,0.0,181.0,222.0,a
306,0,15,6,96.30999755859375,38.38999938964844,0.0,82.29942282435657,76.974716465863,0.0,182.0,221.0,a
307,0,15,7,95.56999969482422,33.81999969482422,0.0,85.3553934864237,78.42149443162181,0.0,182.0,222.0,a
308,0,15,8,94.66000366210938,45.66999816894531,0.0,85.91390516092258,79.07073399811084,0.0,182.0,223.0,a
309,0,15,9,89.1500015258789,39.84000015258789,0.0,86.82004375270851,80.44293353400009,0.0,182.0,224.0,a
310,0,15,10,110.16999816894531,60.5,0.0,93.5733515602718,78.95685713659637,0.0,180.0,224.0,a
311,0,15,11,100.70999908447266,55.13999938964844,0.0,90.58048868578462,79.058086872881,0.0,181.0,224.0,a
312,0,15,12,101.68000030517578,62.849998474121094,0.0,89.68466510811955,78.04947149084354,0.0,180.0,223.0,a
313,0,15,13,93.44999694824219,54.18000030517578,0.0,87.6002754783847,76.36080575501778,0.0,180.0,222.0,a
314,0,15,14,96.27999877929688,59.29999923706055,0.0,87.1923253344136,75.30004603805587,0.0,180.0,221.0,a
315,0,15,15,90.25,65.56999969482422,0.0,84.85411002944342,74.52450596205847,0.0,180.0,220.0,a
316,0,15,16,123.56999969482422,65.56999969482422,0.0,87.96892911073141,74.55882837658388,0.0,180.0,220.0,a
317,0,15,17,98.25,65.56999969482422,0.0,84.86589362046452,74.33827367738192,0.0,180.0,220.0,a
318,0,15,18,83.56999969482422,65.56999969482422,0.0,84.92948735405284,74.57187219201502,0.0,180.0,220.0,a
319,0,15,19,113.44999694824219,65.56999969482422,0.0,86.00797146518197,74.40860434116475,0.0,180.0,220.0,a
320,0,16,0,71.06999969482422,85.16000366210938,0.0,75.64235997258561,94.35126318120436,0.0,226.0,174.0,a
321,0,16,1,73.4800033569336,86.29000091552734,0.0,76.09143211733281,91.935566748312,0.0,225.0,175.0,a
322,0,16,2,64.83000183105469,94.30999755859375,0.0,75.6583363806586,91.92992982278525,0.0,223.0,175.0,a
323,0,16,3,72.66999816894531,94.30999755859375,0.0,75.6583363806586,91.92992982278525,0.0,223.0,175.0,a
324,0,16,4,98.18000030517578,102.08000183105469,0.0,74.86251084859201,89.7216792209231,0.0,223.0,177.0,a
325,0,16,5,81.16000366210938,118.7699966430664,0.0,75.08735438733268,87.22869685806131,0.0,224.0,178.0,a
326,0,16,6,112.05999755859375,102.44000244140625,0.0,74.48995366639868,90.08132319681415,0.0,224.0,176.0,a
327,0,16,7,65.05999755859375,89.0999984741211,0.0,75.12642749614368,91.24603295790757,0.0,224.0,175.0,a
328,0,16,8,87.91000366210938,90.44999694824219,0.0,75.88100902436364,92.02743552272273,0.0,226.0,175.0,a
329,0,16,9,55.88999938964844,94.33999633789062,0.0,74.99295505801418,93.16966506802999,0.0,224.0,174.0,a
330,0,16,10,85.16999816894531,98.1500015258789,0.0,75.13909878795903,93.6362562733522,0.0,223.0,174.0,a
331,0,16,11,80.5199966430664,72.56999969482422,0.0,75.02324521254877,95.49765370881573,0.0,223.0,173.0,a
332,0,16,12,100.4800033569336,72.56999969482422,0.0,75.02324521254877,95.49765370881573,0.0,223.0,173.0,a
333,0,16,13,67.62000274658203,83.73999786376953,0.0,75.08978653363363,96.72285721758499,0.0,225.0,173.0,a
334,0,16,14,82.95999908447266,72.56999969482422,0.0,75.02324521254877,95.49765370881573,0.0,223.0,173.0,a
335,0,16,15,106.0,72.56999969482422,0.0,75.02324521254877,95.49765370881573,0.0,223.0,173.0,a
336,0,16,16,60.099998474121094,74.23999786376953,0.0,75.60107663842419,94.20898164305898,0.0,222.0,173.0,a
337,0,16,17,75.5,74.23999786376953,0.0,75.60107663842419,94.20898164305898,0.0,222.0,173.0,a
338,0,16,18,102.48999786376953,90.62000274658203,0.0,76.3149394868979,93.13103670217691,0.0,220.0,173.0,a
339,0,16,19,130.25,70.29000091552734,0.0,75.4036116877405,92.32577171203187,0.0,219.0,173.0,a
340,0,17,0,120.83000183105469,55.689998626708984,0.0,80.30248022667517,63.57859595720001,0.0,203.0,320.0,a
341,0,17,1,82.55999755859375,55.34000015258789,0.0,82.8319555720429,64.44461877371057,0.0,201.0,320.0,a
342,0,17,2,82.16000366210938,55.34000015258789,0.0,82.8319555720429,64.44461877371057,0.0,201.0,320.0,a
343,0,17,3,97.05000305175781,64.56999969482422,0.0,80.79035130440323,63.547596313489485,0.0,202.0,320.0,a
344,0,17,4,100.55999755859375,58.41999816894531,0.0,84.28231124553294,65.07010159990702,0.0,200.0,321.0,a
345,0,17,5,73.16000366210938,58.41999816894531,0.0,84.28231124553294,65.07010159990702,0.0,200.0,321.0,a
346,0,17,6,89.36000061035156,58.41999816894531,0.0,84.28231124553294,65.07010159990702,0.0,200.0,321.0,a
347,0,17,7,72.16999816894531,60.84000015258789,0.0,85.69248190801545,63.735466295375055,0.0,199.0,321.0,a
348,0,17,8,72.08999633789062,62.880001068115234,0.0,85.69248190801545,63.735466295375055,0.0,199.0,321.0,a
349,0,17,9,71.97000122070312,64.95999908447266,0.0,85.69248190801545,63.735466295375055,0.0,199.0,321.0,a
350,0,17,10,93.12000274658203,73.66999816894531,0.0,87.82422708961855,63.57217385687616,0.0,198.0,321.0,a
351,0,17,11,76.01000213623047,59.68000030517578,0.0,89.93745603041161,63.761095417886985,0.0,198.0,322.0,a
352,0,17,12,78.7300033569336,59.68000030517578,0.0,89.93745603041161,63.761095417886985,0.0,198.0,322.0,a
353,0,17,13,76.52999877929688,59.68000030517578,0.0,89.93745603041161,63.761095417886985,0.0,198.0,322.0,a
354,0,17,14,108.56999969482422,59.68000030517578,0.0,89.93745603041161,63.761095417886985,0.0,198.0,322.0,a
355,0,17,15,78.26000213623047,66.77999877929688,0.0,87.00650165680469,62.71788312665606,0.0,198.0,320.0,a
356,0,17,16,76.37999725341797,82.19999694824219,0.0,86.71740807870637,62.243623412808766,0.0,198.0,318.0,a
357,0,17,17,87.8499984741211,69.7300033569336,0.0,86.57454071492381,62.61575937591288,0.0,197.0,318.0,a
358,0,17,18,61.52000045776367,70.16999816894531,0.0,87.18604588592272,61.89145334553247,0.0,198.0,317.0,a
359,0,17,19,65.12999725341797,74.7300033569336,0.0,92.65691099726752,62.27632399680921,0.0,195.0,316.0,a
360,0,18,0,146.30999755859375,43.4900016784668,0.0,71.58272601605005,60.256396041324024,0.0,277.0,244.0,a
361,0,18,1,163.2899932861328,50.20000076293945,0.0,70.85019211139954,59.40592104795241,0.0,278.0,243.0,a
362,0,18,2,155.86000061035156,63.33000183105469,0.0,70.62230272135473,59.48571920124097,0.0,278.0,242.0,a
363,0,18,3,118.97000122070312,63.900001525878906,0.0,70.47366403290113,58.425921734753615,0.0,279.0,242.0,a
364,0,18,4,136.69000244140625,73.20999908447266,0.0,70.34014530598203,58.86543106951651,0.0,280.0,241.0,a
365,0,18,5,93.47000122070312,61.880001068115234,0.0,70.66570814994591,58.31450531862168,0.0,280.0,242.0,a
366,0,18,6,89.29000091552734,63.900001525878906,0.0,70.47366403290113,58.425921734753615,0.0,279.0,242.0,a
367,0,18,7,103.16999816894531,86.20999908447266,0.0,71.24127687342188,59.159413428652435,0.0,281.0,242.0,a
368,0,18,8,91.25,86.20999908447266,0.0,71.24127687342188,59.159413428652435,0.0,281.0,242.0,a
369,0,18,9,80.25,88.05000305175781,0.0,71.24127687342188,59.159413428652435,0.0,281.0,242.0,a
370,0,18,10,89.61000061035156,89.88999938964844,0.0,71.24127687342188,59.159413428652435,0.0,281.0,242.0,a
371,0,18,11,76.80999755859375,67.79000091552734,0.0,73.49150336376762,58.83587142778347,0.0,281.0,245.0,a
372,0,18,12,101.16999816894531,67.79000091552734,0.0,73.49150336376762,58.83587142778347,0.0,281.0,245.0,a
373,0,18,13,77.22000122070312,69.58999633789062,0.0,73.53148892745807,59.27996063876336,0.0,281.0,246.0,a
374,0,18,14,102.69999694824219,69.58999633789062,0.0,73.53148892745807,59.27996063876336,0.0,281.0,246.0,a
375,0,18,15,124.38999938964844,44.790000915527344,0.0,73.1478482823202,58.36515739053757,0.0,280.0,246.0,a
376,0,18,16,96.26000213623047,34.220001220703125,0.0,73.01705097669539,57.99893476033274,0.0,279.0,246.0,a
377,0,18,17,129.1199951171875,26.950000762939453,0.0,72.69592146208907,58.55961442552936,0.0,278.0,245.0,a
378,0,18,18,94.66000366210938,21.579999923706055,0.0,73.01705097669539,57.99893476033274,0.0,279.0,246.0,a
379,0,18,19,91.66999816894531,19.709999084472656,0.0,72.56725616052096,57.768458425761104,0.0,279.0,245.0,a
380,0,19,0,52.83000183105469,51.2599983215332,0.0,74.23838627840871,59.28660554646574,0.0,322.0,194.0,a
381,0,19,1,35.84000015258789,55.689998626708984,0.0,76.4908229608116,60.28513634295679,0.0,322.0,192.0,a
382,0,19,2,81.47000122070312,53.540000915527344,0.0,76.67935047252871,61.4751818939065,0.0,320.0,190.0,a
383,0,19,3,57.119998931884766,56.27000045776367,0.0,76.50505277431027,61.444412796355124,0.0,320.0,188.0,a
384,0,19,4,60.20000076293945,56.27000045776367,0.0,76.48191723465678,61.63778546656443,0.0,320.0,188.0,a
385,0,19,5,57.5,55.91999816894531,0.0,76.56848348954607,61.62309983547837,0.0,320.0,188.0,a
386,0,19,6,40.36000061035156,66.73999786376953,0.0,77.3246181152333,60.739837535911214,0.0,319.0,188.0,a
387,0,19,7,67.95999908447266,66.73999786376953,0.0,78.16845477698931,60.85744645389658,0.0,319.0,188.0,a
388,0,19,8,38.91999816894531,63.90999984741211,0.0,79.09969651578247,61.91967644097922,0.0,319.0,188.0,a
389,0,19,9,47.11000061035156,55.40999984741211,0.0,80.54859706344294,61.234584250514295,0.0,318.0,188.0,a
390,0,19,10,59.5099983215332,65.22000122070312,0.0,79.63698826550387,62.00339560593974,0.0,319.0,190.0,a
391,0,19,11,95.25,54.029998779296875,0.0,81.28515622315197,62.25243803793283,0.0,319.0,191.0,a
392,0,19,12,72.45999908447266,62.220001220703125,0.0,81.09613903674247,61.1266934780179,0.0,318.0,191.0,a
393,0,19,13,71.05999755859375,67.5199966430664,0.0,80.744992810012,61.71498107339002,0.0,317.0,190.0,a
394,0,19,14,101.16000366210938,69.7300033569336,0.0,82.41079202183818,62.24891857605953,0.0,317.0,187.0,a
395,0,19,15,49.41999816894531,65.73999786376953,0.0,82.61811731293163,62.14094409753792,0.0,317.0,188.0,a
396,0,19,16,76.83999633789062,69.7300033569336,0.0,83.94368985615695,62.345991384103165,0.0,317.0,187.0,a
397,0,19,17,72.31999969482422,65.30999755859375,0.0,81.29227105533054,60.69456041433111,0.0,316.0,187.0,a
398,0,19,18,66.55999755859375,69.58999633789062,0.0,79.8406921451851,61.34008794327645,0.0,316.0,187.0,a
399,0,19,19,58.560001373291016,69.91000366210938,0.0,80.16187579239619,61.48665654703736,0.0,316.0,187.0,a
0,0,20,0,118.63999938964844,100.91000366210938,0.0,78.43884978475624,76.86064850681971,0.0,233.0,261.0,b
1,0,20,1,101.54000091552734,100.19000244140625,0.0,77.95199377394611,76.6037979730045,0.0,233.0,262.0,b
2,0,20,2,80.08999633789062,100.5999984741211,0.0,77.67880790294237,78.17189747956458,0.0,233.0,264.0,b
3,0,20,3,67.91999816894531,102.26000213623047,0.0,77.25106076222441,76.88676650691515,0.0,234.0,265.0,b
4,0,20,4,113.87999725341797,103.0199966430664,0.0,77.25106076222441,76.88676650691515,0.0,234.0,265.0,b
5,0,20,5,66.63999938964844,103.0199966430664,0.0,77.25106076222441,76.88676650691515,0.0,234.0,265.0,b
6,0,20,6,69.72000122070312,103.0199966430664,0.0,77.25106076222441,76.88676650691515,0.0,234.0,265.0,b
7,0,20,7,86.5999984741211,103.0199966430664,0.0,77.25106076222441,76.88676650691515,0.0,234.0,265.0,b
8,0,20,8,85.77999877929688,82.9800033569336,0.0,77.68082410307792,76.68948165962672,0.0,233.0,266.0,b
9,0,20,9,65.12000274658203,99.7699966430664,0.0,77.87896547777768,76.95091682364804,0.0,233.0,265.0,b
10,0,20,10,73.91000366210938,107.01000213623047,0.0,77.30061225860734,78.32690122528501,0.0,234.0,264.0,b
11,0,20,11,76.11000061035156,107.37000274658203,0.0,77.30061225860734,78.32690122528501,0.0,234.0,264.0,b
12,0,20,12,71.73999786376953,97.94999694824219,0.0,77.05501815081365,77.64427967768563,0.0,232.0,264.0,b
13,0,20,13,71.69999694824219,97.94999694824219,0.0,77.05501815081365,77.64427967768563,0.0,232.0,264.0,b
14,0,20,14,120.52999877929688,102.80000305175781,0.0,77.67880790294237,78.17189747956458,0.0,233.0,264.0,b
15,0,20,15,71.43000030517578,104.44999694824219,0.0,77.8663955474732,77.56423144723345,0.0,233.0,263.0,b
16,0,20,16,111.66000366210938,102.75,0.0,77.95199377394611,76.6037979730045,0.0,233.0,262.0,b
17,0,20,17,80.5999984741211,92.94000244140625,0.0,76.68971680668074,76.5368110236288,0.0,232.0,262.0,b
18,0,20,18,71.55000305175781,87.41000366210938,0.0,77.86818855533298,76.17939528945256,0.0,231.0,263.0,b
19,0,20,19,65.08000183105469,99.94000244140625,0.0,76.88981508554231,77.34583692021756,0.0,232.0,263.0,b
20,0,21,0,125.3499984741211,54.380001068115234,0.0,71.82650004234742,62.65410148851657,0.0,300.0,134.0,b
21,0,21,1,92.1500015258789,54.380001068115234,0.0,72.38060329489754,62.65410148851657,0.0,300.0,134.0,b
22,0,21,2,92.06999969482422,54.380001068115234,0.0,71.64895129883077,62.65410148851657,0.0,300.0,134.0,b
23,0,21,3,87.70999908447266,70.05000305175781,0.0,71.5997499801656,63.15338415758537,0.0,301.0,134.0,b
24,0,21,4,95.5199966430664,79.95999908447266,0.0,73.03318269800378,64.95431308919284,0.0,301.0,133.0,b
25,0,21,5,118.55999755859375,76.95999908447266,0.0,72.45597736250306,64.39217956311845,0.0,301.0,133.0,b
26,0,21,6,87.44000244140625,76.25,0.0,71.91496205009543,64.0194239404469,0.0,302.0,133.0,b
27,0,21,7,101.88999938964844,76.31999969482422,0.0,73.98271352147067,63.92147767639084,0.0,302.0,133.0,b
28,0,21,8,112.2300033569336,68.16000366210938,0.0,72.50610685008233,64.7023183510452,0.0,304.0,133.0,b
29,0,21,9,115.55999755859375,55.84000015258789,0.0,72.3670679975053,63.86073171797795,0.0,304.0,134.0,b
30,0,21,10,105.55000305175781,64.16000366210938,0.0,73.53496666363712,64.95752424127289,0.0,304.0,133.0,b
31,0,21,11,104.91000366210938,63.38999938964844,0.0,73.41087105387655,64.47178573264087,0.0,304.0,133.0,b
32,0,21,12,139.52000427246094,66.20999908447266,0.0,76.32164823226034,64.49153294985491,0.0,304.0,133.0,b
33,0,21,13,150.55999755859375,66.20999908447266,0.0,73.91990257854933,64.49153294985491,0.0,304.0,133.0,b
34,0,21,14,136.0800018310547,66.20999908447266,0.0,74.3443652314462,64.34530769389656,0.0,304.0,133.0,b
35,0,21,15,120.93000030517578,64.4000015258789,0.0,75.66420289674636,63.788873637962915,0.0,304.0,133.0,b
36,0,21,16,86.66000366210938,66.22000122070312,0.0,75.08438658158788,63.040646059154206,0.0,306.0,133.0,b
37,0,21,17,114.41000366210938,61.54999923706055,0.0,73.62231543870075,61.690723145560725,0.0,305.0,134.0,b
38,0,21,18,137.77000427246094,79.12000274658203,0.0,74.12833908536975,62.615491427175314,0.0,306.0,134.0,b
39,0,21,19,117.52999877929688,72.12000274658203,0.0,74.20949325314713,62.931327629585425,0.0,306.0,134.0,b
40,0,22,0,40.310001373291016,22.010000228881836,0.0,64.58456678392035,45.351083657272056,0.0,175.0,118.0,b
41,0,22,1,42.18000030517578,28.229999542236328,0.0,63.71133328450197,45.48254949245187,0.0,173.0,118.0,b
42,0,22,2,24.520000457763672,39.58000183105469,0.0,63.55710535940624,42.12816107493366,0.0,174.0,116.0,b
43,0,22,3,23.040000915527344,39.58000183105469,0.0,62.413716418926874,42.12816107493366,0.0,174.0,116.0,b
44,0,22,4,25.81999969482422,32.720001220703125,0.0,63.62310682623273,42.77082959084251,0.0,174.0,117.0,b
45,0,22,5,30.780000686645508,46.349998474121094,0.0,61.34884674728794,41.67013715546849,0.0,174.0,115.0,b
46,0,22,6,41.31999969482422,34.54999923706055,0.0,59.78211826197604,42.71112394134967,0.0,174.0,113.0,b
47,0,22,7,34.68000030517578,34.54999923706055,0.0,59.660062483671226,41.796650550280006,0.0,174.0,113.0,b
48,0,22,8,62.84000015258789,34.54999923706055,0.0,60.5803387384609,41.664762589827234,0.0,174.0,113.0,b
49,0,22,9,31.219999313354492,31.0,0.0,61.355476437632596,42.525745110723484,0.0,173.0,114.0,b
50,0,22,10,16.6299991607666,38.7599983215332,0.0,62.11365118787406,41.80737720652766,0.0,173.0,115.0,b
51,0,22,11,22.75,29.43000030517578,0.0,60.608076102850255,42.247603350827944,0.0,172.0,115.0,b
52,0,22,12,40.630001068115234,30.350000381469727,0.0,61.94294146407823,42.38753587108152,0.0,172.0,115.0,b
53,0,22,13,52.65999984741211,27.739999771118164,0.0,62.211129675931424,42.912947929500255,0.0,172.0,114.0,b
54,0,22,14,31.860000610351562,33.08000183105469,0.0,62.82865037809847,42.76933935530088,0.0,173.0,114.0,b
55,0,22,15,19.309999465942383,39.400001525878906,0.0,62.69951778567006,42.25419108075421,0.0,173.0,115.0,b
56,0,22,16,17.350000381469727,31.200000762939453,0.0,63.31853281008825,42.90207959217517,0.0,173.0,116.0,b
57,0,22,17,29.5,13.3100004196167,0.0,65.04692118429246,44.54654045677023,0.0,172.0,117.0,b
58,0,22,18,15.100000381469727,13.3100004196167,0.0,62.947802362133515,44.54654045677023,0.0,172.0,117.0,b
59,0,22,19,17.139999389648438,13.3100004196167,0.0,62.409993835567356,44.19801400138548,0.0,172.0,117.0,b
60,0,23,0,61.52000045776367,54.83000183105469,0.0,75.24594915268787,57.41442596014815,0.0,232.0,396.0,b
61,0,23,1,36.22999954223633,54.619998931884766,0.0,74.86580169803091,58.31629939390873,0.0,232.0,395.0,b
62,0,23,2,47.880001068115234,58.88999938964844,0.0,75.05833553532435,59.188906594807854,0.0,231.0,394.0,b
63,0,23,3,68.5999984741211,58.88999938964844,0.0,75.05833553532435,59.188906594807854,0.0,231.0,394.0,b
64,0,23,4,62.099998474121094,44.5099983215332,0.0,74.36268910250325,59.86888451719585,0.0,231.0,393.0,b
65,0,23,5,60.900001525878906,41.08000183105469,0.0,74.38705644577333,59.4272866619367,0.0,232.0,393.0,b
66,0,23,6,35.27000045776367,55.099998474121094,0.0,74.86580169803091,58.31629939390873,0.0,232.0,395.0,b
67,0,23,7,36.630001068115234,55.099998474121094,0.0,74.86580169803091,58.31629939390873,0.0,232.0,395.0,b
68,0,23,8,28.959999084472656,60.45000076293945,0.0,74.2937546163875,58.26129168095514,0.0,233.0,395.0,b
69,0,23,9,30.260000228881836,57.099998474121094,0.0,74.55002792681495,58.66063584058923,0.0,233.0,394.0,b
70,0,23,10,43.2599983215332,57.099998474121094,0.0,74.55002792681495,58.66063584058923,0.0,233.0,394.0,b
71,0,23,11,33.130001068115234,44.06999969482422,0.0,74.48337704183099,59.05694594109053,0.0,233.0,393.0,b
72,0,23,12,42.13999938964844,39.2400016784668,0.0,74.22412785311496,60.1282250001334,0.0,230.0,392.0,b
73,0,23,13,69.58999633789062,37.790000915527344,0.0,74.47012346497681,60.194400602455445,0.0,232.0,392.0,b
74,0,23,14,38.630001068115234,39.81999969482422,0.0,74.38621437396104,59.710431249489396,0.0,233.0,392.0,b
75,0,23,15,70.70999908447266,39.81999969482422,0.0,74.38621437396104,59.710431249489396,0.0,233.0,392.0,b
76,0,23,16,39.310001373291016,39.81999969482422,0.0,74.38621437396104,59.710431249489396,0.0,233.0,392.0,b
77,0,23,17,38.09000015258789,44.06999969482422,0.0,74.48337704183099,59.05694594109053,0.0,233.0,393.0,b
78,0,23,18,34.970001220703125,44.06999969482422,0.0,74.48337704183099,59.05694594109053,0.0,233.0,393.0,b
79,0,23,19,38.310001373291016,39.81999969482422,0.0,74.38621437396104,59.710431249489396,0.0,233.0,392.0,b
80,0,24,0,34.540000915527344,8.699999809265137,0.0,82.70134783262806,56.95482410550391,0.0,178.0,333.0,b
81,0,24,1,42.290000915527344,0.0,0.0,79.8136827590079,55.13668870785284,0.0,177.0,334.0,b
82,0,24,2,46.31999969482422,0.0,0.0,79.1255328927114,54.75084410815559,0.0,177.0,335.0,b
83,0,24,3,17.579999923706055,3.069999933242798,0.0,77.33483295959776,52.600149556187894,0.0,176.0,335.0,b
84,0,24,4,13.65999984741211,1.4900000095367432,0.0,78.3358421584058,52.93407587640393,0.0,176.0,334.0,b
85,0,24,5,32.4900016784668,0.0,0.0,79.8136827590079,55.13668870785284,0.0,177.0,334.0,b
86,0,24,6,23.450000762939453,0.0,0.0,79.8136827590079,55.13668870785284,0.0,177.0,334.0,b
87,0,24,7,30.239999771118164,10.369999885559082,0.0,83.68267441485257,57.499925700435085,0.0,178.0,332.0,b
88,0,24,8,13.539999961853027,0.0,0.0,81.74859290328284,56.29176928191979,0.0,177.0,332.0,b
89,0,24,9,7.769999980926514,1.440000057220459,0.0,76.28290836310146,50.992872595643746,0.0,175.0,334.0,b
90,0,24,10,38.77000045776367,0.0,0.0,79.8136827590079,55.13668870785284,0.0,177.0,334.0,b
91,0,24,11,33.689998626708984,0.0,0.0,79.8136827590079,55.13668870785284,0.0,177.0,334.0,b
92,0,24,12,14.0600004196167,1.4900000095367432,0.0,78.3358421584058,52.93407587640393,0.0,176.0,334.0,b
93,0,24,13,17.420000076293945,3.069999933242798,0.0,77.33483295959776,52.600149556187894,0.0,176.0,335.0,b
94,0,24,14,19.260000228881836,1.4900000095367432,0.0,78.3358421584058,52.93407587640393,0.0,176.0,334.0,b
95,0,24,15,27.709999084472656,5.570000171661377,0.0,79.8235723851879,54.1711119970783,0.0,176.0,332.0,b
96,0,24,16,7.46999979019165,5.570000171661377,0.0,79.8235723851879,54.1711119970783,0.0,176.0,332.0,b
97,0,24,17,19.350000381469727,0.3400000035762787,0.0,79.30900101291572,53.41747464287526,0.0,176.0,333.0,b
98,0,24,18,15.119999885559082,0.0,0.0,81.1058844282515,55.79086720861121,0.0,177.0,333.0,b
99,0,24,19,26.75,0.6600000262260437,0.0,79.30900101291572,53.41747464287526,0.0,176.0,333.0,b
100,0,25,0,56.849998474121094,61.38999938964844,0.0,77.7420591872036,56.16368871927445,0.0,302.0,383.0,b
101,0,25,1,48.52000045776367,61.290000915527344,0.0,77.42992127293772,56.650756957774966,0.0,302.0,384.0,b
102,0,25,2,81.33999633789062,68.77999877929688,0.0,76.01936067359566,55.648552916196,0.0,302.0,385.0,b
103,0,25,3,54.02000045776367,68.77999877929688,0.0,76.01936067359566,55.648552916196,0.0,302.0,385.0,b
104,0,25,4,53.81999969482422,68.77999877929688,0.0,76.01936067359566,55.648552916196,0.0,302.0,385.0,b
105,0,25,5,49.86000061035156,65.12000274658203,0.0,77.33536319175077,54.30044157790575,0.0,300.0,385.0,b
106,0,25,6,73.37000274658203,76.81999969482422,0.0,78.96870237983879,54.721933343851155,0.0,298.0,383.0,b
107,0,25,7,49.5099983215332,70.48999786376953,0.0,79.06427589134188,54.818948062386845,0.0,299.0,383.0,b
108,0,25,8,65.43000030517578,68.06999969482422,0.0,78.52766787713884,56.25697465401266,0.0,299.0,382.0,b
109,0,25,9,60.900001525878906,55.970001220703125,0.0,78.78967556095151,55.52296812030935,0.0,300.0,384.0,b
110,0,25,10,46.36000061035156,54.95000076293945,0.0,79.19328331507806,55.30879473465318,0.0,300.0,383.0,b
111,0,25,11,82.05999755859375,60.0,0.0,77.33536319175077,54.30044157790575,0.0,300.0,385.0,b
112,0,25,12,63.7599983215332,63.66999816894531,0.0,76.2877373100611,54.546791304958234,0.0,301.0,385.0,b
113,0,25,13,59.880001068115234,64.2300033569336,0.0,76.2877373100611,54.546791304958234,0.0,301.0,385.0,b
114,0,25,14,56.63999938964844,64.2300033569336,0.0,76.2877373100611,54.546791304958234,0.0,301.0,385.0,b
115,0,25,15,102.47000122070312,61.25,0.0,76.49918254828319,55.31645113948171,0.0,301.0,387.0,b
116,0,25,16,83.11000061035156,61.25,0.0,76.49918254828319,55.31645113948171,0.0,301.0,387.0,b
117,0,25,17,55.720001220703125,64.04000091552734,0.0,76.27485166961796,56.61267928260908,0.0,302.0,387.0,b
118,0,25,18,94.55000305175781,61.77000045776367,0.0,76.49918254828319,55.31645113948171,0.0,301.0,387.0,b
119,0,25,19,60.15999984741211,64.83999633789062,0.0,76.27485166961796,56.61267928260908,0.0,302.0,387.0,b
120,0,26,0,89.44000244140625,63.29999923706055,0.0,75.67211169835879,60.829593583678964,0.0,225.0,294.0,b
121,0,26,1,86.2300033569336,65.43000030517578,0.0,77.51109151813908,60.03621071671847,0.0,224.0,293.0,b
122,0,26,2,65.58000183105469,64.44999694824219,0.0,77.25269917974099,59.55095623824095,0.0,224.0,293.0,b
123,0,26,3,87.62999725341797,49.81999969482422,0.0,76.0053418992522,60.39125375876506,0.0,225.0,292.0,b
124,0,26,4,103.36000061035156,50.380001068115234,0.0,78.09669503250441,61.251047133906205,0.0,225.0,292.0,b
125,0,26,5,99.13999938964844,63.849998474121094,0.0,75.4878524259956,61.22673977837534,0.0,224.0,292.0,b
126,0,26,6,108.41000366210938,63.79999923706055,0.0,74.443552366131,60.57099578639562,0.0,224.0,292.0,b
127,0,26,7,117.37000274658203,67.69000244140625,0.0,75.58818220389276,60.544017022511994,0.0,224.0,293.0,b
128,0,26,8,106.20999908447266,52.810001373291016,0.0,78.45786978089295,60.21010156573028,0.0,225.0,293.0,b
129,0,26,9,82.72000122070312,56.91999816894531,0.0,73.8470110543864,60.149482102693305,0.0,225.0,293.0,b
130,0,26,10,53.59000015258789,69.83999633789062,0.0,74.27674959605837,60.927911502036565,0.0,225.0,294.0,b
131,0,26,11,65.94000244140625,69.9000015258789,0.0,72.70001192113611,62.71206314489174,0.0,224.0,295.0,b
132,0,26,12,83.4800033569336,67.5999984741211,0.0,72.35280074053803,63.32596307992481,0.0,224.0,295.0,b
133,0,26,13,75.37999725341797,75.31999969482422,0.0,73.4200226247733,62.461610521094386,0.0,225.0,296.0,b
134,0,26,14,70.29000091552734,59.41999816894531,0.0,72.3921450427385,64.01698828349308,0.0,225.0,295.0,b
135,0,26,15,93.2300033569336,73.87999725341797,0.0,74.61532461007369,63.5663411108601,0.0,225.0,297.0,b
136,0,26,16,56.83000183105469,72.83000183105469,0.0,74.59546188162744,63.74249228122652,0.0,225.0,297.0,b
137,0,26,17,87.37000274658203,72.7300033569336,0.0,73.46620349218786,63.62559702841477,0.0,225.0,297.0,b
138,0,26,18,79.30999755859375,68.51000213623047,0.0,71.5903927252502,64.28716977144212,0.0,225.0,297.0,b
139,0,26,19,88.05000305175781,49.5,0.0,73.99232475211346,64.92466779960363,0.0,226.0,298.0,b
140,0,27,0,74.16000366210938,102.66000366210938,0.0,73.59064703177678,74.13588057674157,0.0,243.0,306.0,b
141,0,27,1,72.91999816894531,102.66000366210938,0.0,73.59064703177678,74.13588057674157,0.0,243.0,306.0,b
142,0,27,2,85.91000366210938,87.77999877929688,0.0,73.92535867721952,74.38118601725394,0.0,242.0,307.0,b
143,0,27,3,72.97000122070312,89.62000274658203,0.0,72.46403657830705,73.53141760499385,0.0,242.0,308.0,b
144,0,27,4,72.61000061035156,89.62000274658203,0.0,72.46403657830705,73.53141760499385,0.0,242.0,308.0,b
145,0,27,5,81.58999633789062,87.77999877929688,0.0,73.92535867721952,74.38118601725394,0.0,242.0,307.0,b
146,0,27,6,97.11000061035156,96.31999969482422,0.0,72.89472134523871,74.71489803840255,0.0,243.0,307.0,b
147,0,27,7,74.51000213623047,96.31999969482422,0.0,72.89472134523871,74.71489803840255,0.0,243.0,307.0,b
148,0,27,8,81.5999984741211,101.83000183105469,0.0,70.31223362418677,73.68996645104104,0.0,244.0,308.0,b
149,0,27,9,117.91999816894531,96.66999816894531,0.0,71.78143862138425,74.35530644965577,0.0,244.0,307.0,b
150,0,27,10,78.83999633789062,97.02999877929688,0.0,71.78143862138425,74.35530644965577,0.0,244.0,307.0,b
151,0,27,11,74.76000213623047,119.12999725341797,0.0,72.36948618413396,73.29353797118361,0.0,246.0,307.0,b
152,0,27,12,97.04000091552734,125.08000183105469,0.0,71.57639817006721,72.00756904659399,0.0,247.0,308.0,b
153,0,27,13,98.23999786376953,125.08000183105469,0.0,71.57639817006721,72.00756904659399,0.0,247.0,308.0,b
154,0,27,14,99.19999694824219,125.08000183105469,0.0,71.57639817006721,72.00756904659399,0.0,247.0,308.0,b
155,0,27,15,100.55000305175781,118.5,0.0,72.84565401129524,72.58760194107225,0.0,248.0,307.0,b
156,0,27,16,125.75,125.61000061035156,0.0,71.92680932725989,72.4685899583782,0.0,249.0,306.0,b
157,0,27,17,100.75,118.86000061035156,0.0,72.84565401129524,72.58760194107225,0.0,248.0,307.0,b
158,0,27,18,98.06999969482422,119.62000274658203,0.0,72.84565401129524,72.58760194107225,0.0,248.0,307.0,b
159,0,27,19,139.5500030517578,120.0199966430664,0.0,72.84565401129524,72.58760194107225,0.0,248.0,307.0,b
160,0,28,0,86.29000091552734,60.66999816894531,0.0,73.0679996076714,78.37744034832699,0.0,228.0,326.0,b
161,0,28,1,97.18000030517578,62.25,0.0,72.47974307043008,77.8161379827832,0.0,228.0,327.0,b
162,0,28,2,128.19000244140625,79.72000122070312,0.0,72.24259621811312,79.40690391199551,0.0,230.0,327.0,b
163,0,28,3,109.41000366210938,69.16000366210938,0.0,72.22604324080216,78.78398561185445,0.0,230.0,328.0,b
164,0,28,4,102.7699966430664,70.4000015258789,0.0,72.22604324080216,78.78398561185445,0.0,230.0,328.0,b
165,0,28,5,74.08999633789062,64.80000305175781,0.0,72.40457505495691,77.53757352621588,0.0,228.0,328.0,b
166,0,28,6,129.19000244140625,64.12000274658203,0.0,73.42457891529844,76.24639836666968,0.0,227.0,326.0,b
167,0,28,7,103.2300033569336,65.5199966430664,0.0,73.42457891529844,76.24639836666968,0.0,227.0,326.0,b
168,0,28,8,85.66999816894531,67.55999755859375,0.0,73.42457891529844,76.24639836666968,0.0,227.0,326.0,b
169,0,28,9,87.58999633789062,69.95999908447266,0.0,73.42457891529844,76.24639836666968,0.0,227.0,326.0,b
170,0,28,10,87.2300033569336,69.95999908447266,0.0,73.42457891529844,76.24639836666968,0.0,227.0,326.0,b
171,0,28,11,90.52999877929688,63.66999816894531,0.0,71.70592008335156,74.88923952893515,0.0,226.0,325.0,b
172,0,28,12,98.69000244140625,63.66999816894531,0.0,71.70592008335156,74.88923952893515,0.0,226.0,325.0,b
173,0,28,13,107.80999755859375,55.9900016784668,0.0,72.6065690133399,78.92593558731713,0.0,228.0,325.0,b
174,0,28,14,96.37000274658203,74.55000305175781,0.0,73.0679996076714,78.37744034832699,0.0,228.0,326.0,b
175,0,28,15,124.83999633789062,77.7699966430664,0.0,72.93590928951862,80.15023053962824,0.0,229.0,326.0,b
176,0,28,16,96.04000091552734,77.7699966430664,0.0,72.93590928951862,80.15023053962824,0.0,229.0,326.0,b
177,0,28,17,102.93000030517578,74.55000305175781,0.0,73.0679996076714,78.37744034832699,0.0,228.0,326.0,b
178,0,28,18,102.68000030517578,77.7699966430664,0.0,72.93590928951862,80.15023053962824,0.0,229.0,326.0,b
179,0,28,19,108.19999694824219,77.7699966430664,0.0,72.93590928951862,80.15023053962824,0.0,229.0,326.0,b
180,0,29,0,48.529998779296875,62.95000076293945,0.0,73.45803637678681,79.72799367223536,0.0,241.0,154.0,b
181,0,29,1,92.80000305175781,58.369998931884766,0.0,73.0406087772792,80.41935503278356,0.0,240.0,154.0,b
182,0,29,2,72.0,58.369998931884766,0.0,73.0406087772792,80.41935503278356,0.0,240.0,154.0,b
183,0,29,3,47.04999923706055,56.40999984741211,0.0,73.31014110536746,77.11033651348062,0.0,240.0,153.0,b
184,0,29,4,79.08999633789062,56.40999984741211,0.0,73.31014110536746,77.11033651348062,0.0,240.0,153.0,b
185,0,29,5,84.13999938964844,60.65999984741211,0.0,73.69588221573547,76.33762367855637,0.0,241.0,153.0,b
186,0,29,6,54.5,60.65999984741211,0.0,73.69588221573547,76.33762367855637,0.0,241.0,153.0,b
187,0,29,7,73.56999969482422,56.650001525878906,0.0,73.31014110536746,77.11033651348062,0.0,240.0,153.0,b
188,0,29,8,80.44000244140625,59.16999816894531,0.0,73.0406087772792,80.41935503278356,0.0,240.0,154.0,b
189,0,29,9,68.4800033569336,68.94000244140625,0.0,72.5019381924833,85.28911026945677,0.0,240.0,156.0,b
190,0,29,10,112.87000274658203,74.83000183105469,0.0,71.56156461785582,87.47877836303435,0.0,240.0,157.0,b
191,0,29,11,98.06999969482422,74.83000183105469,0.0,71.56156461785582,87.47877836303435,0.0,240.0,157.0,b
192,0,29,12,95.38999938964844,74.83000183105469,0.0,71.56156461785582,87.47877836303435,0.0,240.0,157.0,b
193,0,29,13,95.58999633789062,74.83000183105469,0.0,71.56156461785582,87.47877836303435,0.0,240.0,157.0,b
194,0,29,14,79.80999755859375,91.54000091552734,0.0,71.44152822802404,87.67820860332908,0.0,241.0,158.0,b
195,0,29,15,116.62000274658203,60.060001373291016,0.0,70.34261232235644,90.71432838862889,0.0,239.0,159.0,b
196,0,29,16,102.9800033569336,57.959999084472656,0.0,70.60690946280603,88.74848881342524,0.0,239.0,158.0,b
197,0,29,17,131.3800048828125,57.959999084472656,0.0,70.60690946280603,88.74848881342524,0.0,239.0,158.0,b
198,0,29,18,86.94999694824219,77.05000305175781,0.0,70.54710672073423,90.08486122663575,0.0,240.0,159.0,b
199,0,29,19,78.47000122070312,77.05000305175781,0.0,70.54710672073423,90.08486122663575,0.0,240.0,159.0,b
200,0,30,0,76.81999969482422,29.59000015258789,0.0,83.64414537524762,74.7140676178188,0.0,296.0,219.0,b
201,0,30,1,97.05000305175781,22.06999969482422,0.0,82.80655442388336,71.88160512645467,0.0,295.0,219.0,b
202,0,30,2,87.30000305175781,22.59000015258789,0.0,82.6901697099883,71.82344092750407,0.0,295.0,219.0,b
203,0,30,3,80.81999969482422,22.59000015258789,0.0,82.6901697099883,71.82344092750407,0.0,295.0,219.0,b
204,0,30,4,111.61000061035156,20.309999465942383,0.0,82.64279299087933,71.02032658956793,0.0,295.0,218.0,b
205,0,30,5,112.72000122070312,8.670000076293945,0.0,82.46597540804329,69.91332091716619,0.0,295.0,217.0,b
206,0,30,6,104.91999816894531,25.139999389648438,0.0,82.73783614861797,70.26685466056446,0.0,295.0,218.0,b
207,0,30,7,93.66000366210938,30.90999984741211,0.0,83.29694497198962,69.9584810202928,0.0,294.0,218.0,b
208,0,30,8,97.55000305175781,14.039999961853027,0.0,82.93749612743858,72.39397949185185,0.0,293.0,218.0,b
209,0,30,9,119.98999786376953,14.039999961853027,0.0,82.93749612743858,72.39397949185185,0.0,293.0,218.0,b
210,0,30,10,94.66000366210938,31.229999542236328,0.0,83.29694497198962,69.9584810202928,0.0,294.0,218.0,b
211,0,30,11,99.18000030517578,31.59000015258789,0.0,83.29694497198962,69.9584810202928,0.0,294.0,218.0,b
212,0,30,12,129.89999389648438,31.90999984741211,0.0,83.29694497198962,69.9584810202928,0.0,294.0,218.0,b
213,0,30,13,98.73999786376953,4.289999961853027,0.0,82.98887950937898,71.78035563826329,0.0,293.0,217.0,b
214,0,30,14,83.77999877929688,4.289999961853027,0.0,82.98887950937898,71.78035563826329,0.0,293.0,217.0,b
215,0,30,15,84.62000274658203,14.850000381469727,0.0,82.18720363698151,71.34778950091354,0.0,293.0,216.0,b
216,0,30,16,69.4000015258789,18.15999984741211,0.0,82.63200145154956,71.72139770590705,0.0,293.0,215.0,b
217,0,30,17,94.9800033569336,19.8700008392334,0.0,82.1115452533253,71.93270232577731,0.0,293.0,215.0,b
218,0,30,18,96.43000030517578,25.020000457763672,0.0,84.59779186768937,71.03053169823055,0.0,294.0,214.0,b
219,0,30,19,85.87000274658203,26.100000381469727,0.0,87.33258713103604,71.23280018518311,0.0,294.0,214.0,b
220,0,31,0,38.0099983215332,34.099998474121094,0.0,96.79084575631222,67.45958821151125,0.0,164.0,288.0,b
221,0,31,1,60.369998931884766,34.099998474121094,0.0,96.79084575631222,67.45958821151125,0.0,164.0,288.0,b
222,0,31,2,39.15999984741211,45.2599983215332,0.0,96.609246955052,67.88405016398673,0.0,164.0,286.0,b
223,0,31,3,36.79999923706055,45.2599983215332,0.0,96.609246955052,67.88405016398673,0.0,164.0,286.0,b
224,0,31,4,51.68000030517578,46.060001373291016,0.0,96.609246955052,67.88405016398673,0.0,164.0,286.0,b
225,0,31,5,36.599998474121094,46.7400016784668,0.0,96.609246955052,67.88405016398673,0.0,164.0,286.0,b
226,0,31,6,37.33000183105469,36.380001068115234,0.0,96.79084575631222,67.45958821151125,0.0,164.0,288.0,b
227,0,31,7,83.19999694824219,51.209999084472656,0.0,102.53193810006498,73.50963608413676,0.0,167.0,288.0,b
228,0,31,8,63.77000045776367,38.95000076293945,0.0,101.39555019822123,72.45961662655046,0.0,166.0,288.0,b
229,0,31,9,79.37000274658203,38.95000076293945,0.0,101.39555019822123,72.45961662655046,0.0,166.0,288.0,b
230,0,31,10,54.0,43.91999816894531,0.0,100.55000180949223,72.5326775207791,0.0,166.0,287.0,b
231,0,31,11,60.61000061035156,43.63999938964844,0.0,100.72081478302067,72.71005157473071,0.0,166.0,286.0,b
232,0,31,12,61.97999954223633,51.68000030517578,0.0,102.09175671369795,73.43888523043421,0.0,167.0,286.0,b
233,0,31,13,80.91999816894531,50.83000183105469,0.0,101.09272635665843,73.88340807575736,0.0,168.0,285.0,b
234,0,31,14,91.04000091552734,50.83000183105469,0.0,101.09272635665843,73.88340807575736,0.0,168.0,285.0,b
235,0,31,15,82.0999984741211,58.560001373291016,0.0,100.31972187572204,73.51893746965244,0.0,170.0,284.0,b
236,0,31,16,96.87000274658203,61.04999923706055,0.0,100.54703209885854,73.46080580070496,0.0,170.0,283.0,b
237,0,31,17,105.70999908447266,61.04999923706055,0.0,100.54703209885854,73.46080580070496,0.0,170.0,283.0,b
238,0,31,18,95.55000305175781,58.439998626708984,0.0,101.4853618207517,73.75557349937849,0.0,170.0,285.0,b
239,0,31,19,113.38999938964844,60.08000183105469,0.0,101.4853618207517,73.75557349937849,0.0,170.0,285.0,b
240,0,32,0,99.30999755859375,38.689998626708984,0.0,72.67913127041506,46.606610135616314,0.0,204.0,140.0,b
241,0,32,1,112.55000305175781,36.470001220703125,0.0,72.74984345153068,46.768653765102115,0.0,206.0,140.0,b
242,0,32,2,83.44999694824219,29.860000610351562,0.0,72.06948959549773,47.47241011600551,0.0,207.0,140.0,b
243,0,32,3,90.88999938964844,29.860000610351562,0.0,72.06948959549773,47.47241011600551,0.0,207.0,140.0,b
244,0,32,4,70.30999755859375,31.299999237060547,0.0,73.90285047502114,48.38218496742599,0.0,208.0,142.0,b
245,0,32,5,69.73999786376953,41.7599983215332,0.0,74.11028851575797,47.64761481147007,0.0,208.0,141.0,b
246,0,32,6,68.02999877929688,31.299999237060547,0.0,73.90285047502114,48.38218496742599,0.0,208.0,142.0,b
247,0,32,7,79.30999755859375,31.5,0.0,73.90285047502114,48.38218496742599,0.0,208.0,142.0,b
248,0,32,8,63.790000915527344,31.739999771118164,0.0,73.90285047502114,48.38218496742599,0.0,208.0,142.0,b
249,0,32,9,77.91000366210938,32.13999938964844,0.0,73.90285047502114,48.38218496742599,0.0,208.0,142.0,b
250,0,32,10,82.66999816894531,28.110000610351562,0.0,72.34690379614658,48.658469600768264,0.0,207.0,142.0,b
251,0,32,11,55.900001525878906,42.90999984741211,0.0,72.4101059360271,48.98120044692884,0.0,207.0,143.0,b
252,0,32,12,81.73999786376953,42.90999984741211,0.0,72.4101059360271,48.98120044692884,0.0,207.0,143.0,b
253,0,32,13,84.5,42.90999984741211,0.0,72.4101059360271,48.98120044692884,0.0,207.0,143.0,b
254,0,32,14,61.959999084472656,38.29999923706055,0.0,72.27038735809356,48.81092489278286,0.0,206.0,143.0,b
255,0,32,15,74.36000061035156,37.630001068115234,0.0,71.95451773323356,48.699751197174166,0.0,204.0,143.0,b
256,0,32,16,103.08000183105469,52.349998474121094,0.0,73.26546677816378,47.05982218292892,0.0,203.0,141.0,b
257,0,32,17,87.43000030517578,40.810001373291016,0.0,72.67913127041506,46.606610135616314,0.0,204.0,140.0,b
258,0,32,18,82.58999633789062,40.810001373291016,0.0,72.67913127041506,46.606610135616314,0.0,204.0,140.0,b
259,0,32,19,90.06999969482422,40.810001373291016,0.0,72.67913127041506,46.606610135616314,0.0,204.0,140.0,b
260,0,33,0,108.76000213623047,50.970001220703125,0.0,76.82733365946147,66.630172323722,0.0,295.0,117.0,b
261,0,33,1,99.06999969482422,56.40999984741211,0.0,75.81049700111163,66.79568349327172,0.0,294.0,117.0,b
262,0,33,2,122.70999908447266,56.40999984741211,0.0,75.81049700111163,66.79568349327172,0.0,294.0,117.0,b
263,0,33,3,92.54000091552734,55.20000076293945,0.0,77.93203591734417,67.33544219057302,0.0,294.0,118.0,b
264,0,33,4,89.47000122070312,50.959999084472656,0.0,80.12612888787001,67.21442055508294,0.0,292.0,118.0,b
265,0,33,5,78.86000061035156,60.70000076293945,0.0,79.99557564154547,67.4645783397151,0.0,293.0,119.0,b
266,0,33,6,86.22000122070312,50.34000015258789,0.0,80.00953686210718,67.51262678195835,0.0,293.0,119.0,b
267,0,33,7,78.45999908447266,50.34000015258789,0.0,80.00953686210718,67.51262678195835,0.0,293.0,119.0,b
268,0,33,8,78.44000244140625,41.13999938964844,0.0,81.20331094440259,67.49139679741906,0.0,292.0,119.0,b
269,0,33,9,84.6500015258789,42.45000076293945,0.0,80.80593417084059,67.29973582167071,0.0,292.0,119.0,b
270,0,33,10,94.04000091552734,41.29999923706055,0.0,81.18127390804688,67.45376521489861,0.0,292.0,119.0,b
271,0,33,11,64.5199966430664,38.099998474121094,0.0,81.49380261031442,66.98627346952011,0.0,291.0,119.0,b
272,0,33,12,61.2599983215332,35.7400016784668,0.0,79.10841583267582,65.87232465577297,0.0,290.0,118.0,b
273,0,33,13,98.75,34.47999954223633,0.0,80.12612888787001,67.21442055508294,0.0,292.0,118.0,b
274,0,33,14,105.51000213623047,34.47999954223633,0.0,80.12612888787001,67.21442055508294,0.0,292.0,118.0,b
275,0,33,15,106.0,34.81999969482422,0.0,81.15978257938677,67.43538419603367,0.0,292.0,119.0,b
276,0,33,16,83.23999786376953,44.02000045776367,0.0,80.11851289392068,67.37622064447763,0.0,293.0,119.0,b
277,0,33,17,98.36000061035156,45.02000045776367,0.0,79.96259931298437,67.209296459311,0.0,293.0,119.0,b
278,0,33,18,106.19999694824219,43.060001373291016,0.0,79.96259931298437,67.209296459311,0.0,293.0,119.0,b
279,0,33,19,97.5199966430664,43.060001373291016,0.0,79.96259931298437,67.209296459311,0.0,293.0,119.0,b
280,0,34,0,68.62000274658203,75.30999755859375,0.0,71.13737133181124,54.37542909153811,0.0,253.0,378.0,b
281,0,34,1,82.37999725341797,75.30999755859375,0.0,71.13737133181124,54.37542909153811,0.0,253.0,378.0,b
282,0,34,2,69.94000244140625,75.0199966430664,0.0,70.27080751556004,54.928504642145704,0.0,254.0,378.0,b
283,0,34,3,93.91999816894531,79.95999908447266,0.0,69.26359631870122,54.24754042043442,0.0,255.0,380.0,b
284,0,34,4,90.5999984741211,74.37000274658203,0.0,69.1969026081049,54.3986441824508,0.0,254.0,380.0,b
285,0,34,5,80.69999694824219,70.05000305175781,0.0,69.74023635367654,53.300259927446255,0.0,256.0,380.0,b
286,0,34,6,29.3700008392334,60.15999984741211,0.0,69.16601477604446,54.04607599590886,0.0,257.0,381.0,b
287,0,34,7,30.809999465942383,60.15999984741211,0.0,69.16601477604446,54.04607599590886,0.0,257.0,381.0,b
288,0,34,8,57.849998474121094,60.15999984741211,0.0,69.16601477604446,54.04607599590886,0.0,257.0,381.0,b
289,0,34,9,38.25,64.43000030517578,0.0,70.02109918128646,52.99614700355321,0.0,257.0,380.0,b
290,0,34,10,95.9000015258789,78.06999969482422,0.0,69.27634677306695,53.751554783714546,0.0,256.0,379.0,b
291,0,34,11,112.0999984741211,78.06999969482422,0.0,69.27634677306695,53.751554783714546,0.0,256.0,379.0,b
292,0,34,12,90.45999908447266,78.06999969482422,0.0,69.27634677306695,53.751554783714546,0.0,256.0,379.0,b
293,0,34,13,57.88999938964844,70.3499984741211,0.0,69.78091332082785,53.55844772043176,0.0,257.0,379.0,b
294,0,34,14,55.72999954223633,70.3499984741211,0.0,69.78091332082785,53.55844772043176,0.0,257.0,379.0,b
295,0,34,15,67.93000030517578,70.3499984741211,0.0,69.78091332082785,53.55844772043176,0.0,257.0,379.0,b
296,0,34,16,108.41999816894531,78.06999969482422,0.0,69.27634677306695,53.751554783714546,0.0,256.0,379.0,b
297,0,34,17,84.9000015258789,78.06999969482422,0.0,69.27634677306695,53.751554783714546,0.0,256.0,379.0,b
298,0,34,18,69.98999786376953,81.44000244140625,0.0,68.82535367387031,54.60804539829477,0.0,254.0,379.0,b
299,0,34,19,73.06999969482422,81.44000244140625,0.0,68.82535367387031,54.60804539829477,0.0,254.0,379.0,b
300,0,35,0,25.639999389648438,65.25,0.0,81.73363443052206,78.50087457049975,0.0,290.0,182.0,b
301,0,35,1,60.5099983215332,66.68000030517578,0.0,82.5027223624907,78.13266040665852,0.0,291.0,181.0,b
302,0,35,2,45.150001525878906,66.68000030517578,0.0,82.5027223624907,78.13266040665852,0.0,291.0,181.0,b
303,0,35,3,45.38999938964844,50.060001373291016,0.0,77.95167261764746,74.07278785087004,0.0,294.0,182.0,b
304,0,35,4,88.66999816894531,52.720001220703125,0.0,77.85975409884965,73.792708462437,0.0,294.0,182.0,b
305,0,35,5,85.94000244140625,53.029998779296875,0.0,79.07336333360868,73.72196625384684,0.0,294.0,182.0,b
306,0,35,6,46.5,53.66999816894531,0.0,77.90478975433196,73.72196625384684,0.0,294.0,182.0,b
307,0,35,7,47.9900016784668,55.27000045776367,0.0,77.9349385171161,73.72196625384684,0.0,294.0,182.0,b
308,0,35,8,78.7300033569336,54.650001525878906,0.0,78.05500702851946,74.78150276342107,0.0,294.0,182.0,b
309,0,35,9,61.4900016784668,54.650001525878906,0.0,78.05500702851946,74.78150276342107,0.0,294.0,182.0,b
310,0,35,10,43.310001373291016,55.060001373291016,0.0,79.16623226196606,77.84039760946754,0.0,293.0,182.0,b
311,0,35,11,56.689998626708984,62.29999923706055,0.0,76.61159570993298,73.98324464964273,0.0,295.0,182.0,b
312,0,35,12,58.40999984741211,45.470001220703125,0.0,77.8471350896529,73.86703096706194,0.0,295.0,181.0,b
313,0,35,13,88.5999984741211,51.06999969482422,0.0,80.66254803535254,77.97537344501076,0.0,293.0,181.0,b
314,0,35,14,97.54000091552734,47.97999954223633,0.0,79.5729155485011,75.37702963915613,0.0,294.0,181.0,b
315,0,35,15,31.469999313354492,41.380001068115234,0.0,79.75287831796417,75.25379132198812,0.0,294.0,180.0,b
316,0,35,16,76.55000305175781,47.060001373291016,0.0,78.44257425375302,73.70128807482871,0.0,295.0,180.0,b
317,0,35,17,25.59000015258789,41.90999984741211,0.0,80.44523596142216,73.63698480081565,0.0,294.0,180.0,b
318,0,35,18,67.06999969482422,47.060001373291016,0.0,78.1066774069641,71.6699214570985,0.0,295.0,180.0,b
319,0,35,19,30.709999084472656,43.08000183105469,0.0,79.69518840905991,73.43297077758888,0.0,294.0,180.0,b
320,0,36,0,157.57000732421875,66.7300033569336,0.0,75.63279269308754,68.94146065483544,0.0,214.0,296.0,b
321,0,36,1,154.41000366210938,74.08000183105469,0.0,75.17953999149857,68.6576861239067,0.0,215.0,296.0,b
322,0,36,2,140.77000427246094,73.4000015258789,0.0,75.03863136559875,68.67514316613318,0.0,215.0,296.0,b
323,0,36,3,153.02999877929688,70.5199966430664,0.0,74.17547296033163,68.51943957739293,0.0,215.0,296.0,b
324,0,36,4,171.8300018310547,69.76000213623047,0.0,75.57967275222441,68.72821091080431,0.0,215.0,296.0,b
325,0,36,5,131.27999877929688,55.869998931884766,0.0,76.26944772027365,66.62103238134002,0.0,215.0,299.0,b
326,0,36,6,127.12000274658203,58.5099983215332,0.0,76.98619349525529,67.15092545072547,0.0,215.0,298.0,b
327,0,36,7,136.1699981689453,52.84000015258789,0.0,78.10726783653932,68.03153580427896,0.0,215.0,296.0,b
328,0,36,8,162.07000732421875,42.439998626708984,0.0,75.17713896007365,67.64946314560736,0.0,215.0,296.0,b
329,0,36,9,116.43000030517578,58.34000015258789,0.0,73.45886709959224,66.62271632525618,0.0,217.0,296.0,b
330,0,36,10,121.54000091552734,58.34000015258789,0.0,72.15486423889476,67.07201469730543,0.0,217.0,296.0,b
331,0,36,11,112.77999877929688,62.34000015258789,0.0,70.75034038002141,67.91581848141124,0.0,218.0,296.0,b
332,0,36,12,114.05000305175781,65.93000030517578,0.0,71.94600427095,68.2307862861203,0.0,218.0,296.0,b
333,0,36,13,107.54000091552734,64.66000366210938,0.0,71.97300788412896,68.20724381129422,0.0,218.0,296.0,b
334,0,36,14,101.20999908447266,73.20999908447266,0.0,72.03637643965412,68.27867822387894,0.0,219.0,296.0,b
335,0,36,15,135.80999755859375,73.20999908447266,0.0,74.0937352090055,68.50982086938744,0.0,219.0,296.0,b
336,0,36,16,134.3300018310547,73.20999908447266,0.0,71.35882284078278,68.50982086938744,0.0,219.0,296.0,b
337,0,36,17,116.04000091552734,75.6500015258789,0.0,73.29863656455161,66.94696001728201,0.0,221.0,296.0,b
338,0,36,18,91.97000122070312,74.33000183105469,0.0,73.21481718583716,67.23627856712146,0.0,221.0,296.0,b
339,0,36,19,100.41999816894531,72.80000305175781,0.0,74.10938745080365,66.59623779830876,0.0,221.0,294.0,b
340,0,37,0,53.72999954223633,18.479999542236328,0.0,63.77813921451978,45.20244459343125,0.0,166.0,118.0,b
341,0,37,1,48.29999923706055,20.940000534057617,0.0,63.9773435591764,45.58058721161406,0.0,165.0,118.0,b
342,0,37,2,66.58000183105469,20.940000534057617,0.0,62.21008043985583,45.10171024103927,0.0,165.0,118.0,b
343,0,37,3,47.70000076293945,20.940000534057617,0.0,62.14030996239254,45.10171024103927,0.0,165.0,118.0,b
344,0,37,4,56.369998931884766,18.479999542236328,0.0,63.43828181784245,45.25560048215027,0.0,166.0,118.0,b
345,0,37,5,41.810001373291016,18.479999542236328,0.0,62.829371028913606,45.23572921068281,0.0,166.0,118.0,b
346,0,37,6,37.34000015258789,27.239999771118164,0.0,63.7450629896587,45.86106769969007,0.0,166.0,119.0,b
347,0,37,7,20.520000457763672,5.75,0.0,63.28604717207946,45.03429776292732,0.0,168.0,118.0,b
348,0,37,8,28.850000381469727,11.270000457763672,0.0,64.55351569735679,43.57808161475471,0.0,168.0,117.0,b
349,0,37,9,17.770000457763672,17.200000762939453,0.0,62.913430799790284,43.85645901372137,0.0,167.0,117.0,b
350,0,37,10,15.970000267028809,12.670000076293945,0.0,63.03547235485747,43.710178035428875,0.0,168.0,117.0,b
351,0,37,11,3.6500000953674316,13.3100004196167,0.0,63.12983658038936,43.82601003463075,0.0,168.0,117.0,b
352,0,37,12,37.08000183105469,8.430000305175781,0.0,64.42005620664008,45.24795870165489,0.0,168.0,118.0,b
353,0,37,13,45.20000076293945,17.860000610351562,0.0,65.08933175516042,45.91156281374007,0.0,168.0,119.0,b
354,0,37,14,39.279998779296875,17.860000610351562,0.0,64.48122715609215,46.00597784225678,0.0,168.0,119.0,b
355,0,37,15,24.84000015258789,17.860000610351562,0.0,64.89980097555514,45.88001549936772,0.0,168.0,119.0,b
356,0,37,16,24.829999923706055,23.8799991607666,0.0,64.59117102979323,45.92461065582253,0.0,167.0,119.0,b
357,0,37,17,53.83000183105469,24.68000030517578,0.0,65.07514937875031,45.75798060326623,0.0,167.0,119.0,b
358,0,37,18,22.309999465942383,24.68000030517578,0.0,64.46446359558627,45.75798060326623,0.0,167.0,119.0,b
359,0,37,19,21.149999618530273,15.0,0.0,63.356544781629836,45.16469848110235,0.0,167.0,118.0,b
360,0,38,0,81.8499984741211,92.9800033569336,0.0,83.56284235365753,73.83936978709635,0.0,286.0,207.0,b
361,0,38,1,101.43000030517578,113.13999938964844,0.0,85.38353542822071,75.67483480142009,0.0,285.0,205.0,b
362,0,38,2,92.91000366210938,108.55999755859375,0.0,83.11570322280996,73.048758145958,0.0,286.0,205.0,b
363,0,38,3,110.98999786376953,108.47000122070312,0.0,83.7158427691889,73.09764456989477,0.0,286.0,205.0,b
364,0,38,4,85.12999725341797,115.27999877929688,0.0,83.44674922101852,71.55022476476847,0.0,286.0,204.0,b
365,0,38,5,88.36000061035156,113.12999725341797,0.0,81.07422415430334,68.1245604267164,0.0,287.0,203.0,b
366,0,38,6,82.9000015258789,123.31999969482422,0.0,80.32077661200466,68.061431728174,0.0,286.0,203.0,b
367,0,38,7,93.13999938964844,123.31999969482422,0.0,80.32077661200466,68.061431728174,0.0,286.0,203.0,b
368,0,38,8,98.31999969482422,119.6500015258789,0.0,80.91622492155425,68.2480378024811,0.0,287.0,203.0,b
369,0,38,9,94.83000183105469,114.97000122070312,0.0,81.17040484204956,67.6132849988324,0.0,288.0,203.0,b
370,0,38,10,119.72000122070312,129.8000030517578,0.0,80.4270870450718,66.56132458534427,0.0,288.0,202.0,b
371,0,38,11,138.92999267578125,126.87000274658203,0.0,80.01126858136922,67.58421559226845,0.0,288.0,201.0,b
372,0,38,12,107.62999725341797,117.94999694824219,0.0,78.71846282092206,67.23633640624192,0.0,286.0,201.0,b
373,0,38,13,116.66999816894531,117.94999694824219,0.0,78.71846282092206,67.23633640624192,0.0,286.0,201.0,b
374,0,38,14,74.41999816894531,113.11000061035156,0.0,79.6426807511037,69.4893051523438,0.0,286.0,201.0,b
375,0,38,15,81.30999755859375,121.51000213623047,0.0,78.975294238135,67.53208546066578,0.0,287.0,201.0,b
376,0,38,16,115.44999694824219,115.11000061035156,0.0,80.04170494533182,66.19961226388632,0.0,287.0,202.0,b
377,0,38,17,76.87999725341797,125.33999633789062,0.0,78.74142561786225,66.44656792407633,0.0,285.0,202.0,b
378,0,38,18,100.38999938964844,127.41999816894531,0.0,79.2067600229509,65.746740012127,0.0,285.0,202.0,b
379,0,38,19,123.80999755859375,112.13999938964844,0.0,80.18054001578078,65.68520379219525,0.0,286.0,203.0,b
380,0,39,0,58.779998779296875,82.95999908447266,0.0,68.70834689710803,67.99175144007462,0.0,271.0,147.0,b
381,0,39,1,55.81999969482422,84.95999908447266,0.0,68.70834689710803,67.99175144007462,0.0,271.0,147.0,b
382,0,39,2,59.619998931884766,75.5999984741211,0.0,68.70834689710803,67.99175144007462,0.0,271.0,147.0,b
383,0,39,3,94.54000091552734,87.58999633789062,0.0,67.36635805223719,62.561336214061875,0.0,270.0,144.0,b
384,0,39,4,75.45999908447266,73.70999908447266,0.0,67.42092633843986,64.54217949010813,0.0,270.0,146.0,b
385,0,39,5,59.09000015258789,77.12999725341797,0.0,69.35740735895162,66.07377524404065,0.0,270.0,147.0,b
386,0,39,6,60.4900016784668,79.01000213623047,0.0,69.35740735895162,66.07377524404065,0.0,270.0,147.0,b
387,0,39,7,57.810001373291016,65.8499984741211,0.0,68.40636292691558,67.99044930887148,0.0,270.0,148.0,b
388,0,39,8,98.66999816894531,88.33999633789062,0.0,69.01082515728159,64.9945635333363,0.0,268.0,148.0,b
389,0,39,9,100.70999908447266,109.94999694824219,0.0,68.7733430068172,63.37350811305585,0.0,267.0,148.0,b
390,0,39,10,76.05999755859375,94.58999633789062,0.0,67.95477170311311,62.58085933858335,0.0,266.0,148.0,b
391,0,39,11,82.94999694824219,92.5999984741211,0.0,68.8876132834408,64.52271942674318,0.0,267.0,149.0,b
392,0,39,12,98.80999755859375,66.41999816894531,0.0,68.32672122481316,64.33910155487787,0.0,266.0,150.0,b
393,0,39,13,74.61000061035156,66.41999816894531,0.0,68.32672122481316,64.33910155487787,0.0,266.0,150.0,b
394,0,39,14,65.29000091552734,66.41999816894531,0.0,68.32672122481316,64.33910155487787,0.0,266.0,150.0,b
395,0,39,15,82.3499984741211,71.16000366210938,0.0,68.89883789940792,65.09927598163695,0.0,266.0,151.0,b
396,0,39,16,100.91000366210938,71.16000366210938,0.0,68.89883789940792,65.09927598163695,0.0,266.0,151.0,b
397,0,39,17,78.41000366210938,83.04000091552734,0.0,69.38731294135998,67.6093928385694,0.0,267.0,151.0,b
398,0,39,18,77.87999725341797,43.630001068115234,0.0,69.81213025367121,70.86563781002907,0.0,268.0,152.0,b
399,0,39,19,66.19999694824219,43.630001068115234,0.0,69.81213025367121,70.86563781002907,0.0,268.0,152.0,b
